Workbook

Sheet APRIL
A1: BRANDS | C1: VASU PHARMA DRUGS PVT LTD | E1: PRAKASH PHARMA DISTRIBUTORS | G1: Divya Pharma | I1: KEIMED PRIVATE LIMITED | K1: SAI SRIDHAR PHARMA PVT LTD | M1: SRI VENKATARAGHAVA AGENCIES | O1: SHREEJI DIST PVT LTD | Q1: SVS PHARMA | S1: PHARMA DISTRIBUTORS | U1: SAI PHARMA DISTRIBUTERS PVT LTD | W1: ALANKRITA AGENCIES | Y1: JAYA SURG & PHARMA PVT LTD | AA1: MANASA MEDICAL AGENCIES | AC1: KARTHICK AGENCIES | AE1: NIRMALA AGENCIES | AG1: HIMALAYA MEDICAL AGENCIES | AI1: Maruthi | AK1: LAXMI SAI MEDICAL AGENCIES | AM1: Patwari Pharma | AO1: Vishnu & Co | AQ1: SUMAN AGENCIES HYD PVT LTD | AS1: Sri Nirmala | AU1: SHREE SHARADA PHARMA | AW1: ALLIED PHARMA | AY1: GOEL DISTRIBUTER | BA1: KAMALESH PHARMA | BC1: ARVIND PHARMA DISTRIBUTER | BE1: GOEL PHARMA | BG1: KRISHNA PHARMACEUTICALS | BI1: AP DRUGS | BK1: MAWA PHARMACEUTICALS | BM1: TIRUMALA AGENCIES | BO1: SREE HARI MEDICALS | BQ1: SREE VENKATESHWARA MEDISOLUTIONS | BS1: SRI BALAJI DRUGS | BU1: VISHNU MEDICAL HALL | BW1: HYDERABAD SPECIALITY DRUGS | BY1: LORVEN PHARMA & SURGICALS (CORP) | CA1: AK PHARMA | CC1: OPTIVAL HEALTHSOLUTIONS | CE1: BALAJI MEDICAL AGENCIES | CG1: S42 | CI1: S43 | CK1: S44 | CM1: S45 | CO1: S46 | CQ1: S47 | CS1: S48 | CU1: S49 | CW1: S50 | CY1: BE TOTAL
B2: PTS | C2: Sale (Units) | D2: Closing Stock (Units) | E2: Sale (Units) | F2: Closing Stock (Units) | G2: Sale (Units) | H2: Closing Stock (Units) | I2: Sale (Units) | J2: Closing Stock (Units) | K2: Sale (Units) | L2: Closing Stock (Units) | M2: Sale (Units) | N2: Closing Stock (Units) | O2: Sale (Units) | P2: Closing Stock (Units) | Q2: Sale (Units) | R2: Closing Stock (Units) | S2: Sale (Units) | T2: Closing Stock (Units) | U2: Sale (Units) | V2: Closing Stock (Units) | W2: Sale (Units) | X2: Closing Stock (Units) | Y2: Sale (Units) | Z2: Closing Stock (Units) | AA2: Sale (Units) | AB2: Closing Stock (Units) | AC2: Sale (Units) | AD2: Closing Stock (Units) | AE2: Sale (Units) | AF2: Closing Stock (Units) | AG2: Sale (Units) | AH2: Closing Stock (Units) | AI2: Sale (Units) | AJ2: Closing Stock (Units) | AK2: Sale (Units) | AL2: Closing Stock (Units) | AM2: Sale (Units) | AN2: Closing Stock (Units) | AO2: Sale (Units) | AP2: Closing Stock (Units) | AQ2: Sale (Units) | AR2: Closing Stock (Units) | AS2: Sale (Units) | AT2: Closing Stock (Units) | AU2: Sale (Units) | AV2: Closing Stock (Units) | AW2: Sale (Units) | AX2: Closing Stock (Units) | AY2: Sale (Units) | AZ2: Closing Stock (Units) | BA2: Sale (Units) | BB2: Closing Stock (Units) | BC2: Sale (Units) | BD2: Closing Stock (Units) | BE2: Sale (Units) | BF2: Closing Stock (Units) | BG2: Sale (Units) | BH2: Closing Stock (Units) | BI2: Sale (Units) | BJ2: Closing Stock (Units) | BK2: Sale (Units) | BL2: Closing Stock (Units) | BM2: Sale (Units) | BN2: Closing Stock (Units) | BO2: Sale (Units) | BP2: Closing Stock (Units) | BQ2: Sale (Units) | BR2: Closing Stock (Units) | BS2: Sale (Units) | BT2: Closing Stock (Units) | BU2: Sale (Units) | BV2: Closing Stock (Units) | BW2: Sale (Units) | BX2: Closing Stock (Units) | BY2: Sale (Units) | BZ2: Closing Stock (Units) | CA2: Sale (Units) | CB2: Closing Stock (Units) | CC2: Sale (Units) | CD2: Closing Stock (Units) | CE2: Sale (Units) | CF2: Closing Stock (Units) | CG2: Sale (Units) | CH2: Closing Stock (Units) | CI2: Sale (Units) | CJ2: Closing Stock (Units) | CK2: Sale (Units) | CL2: Closing Stock (Units) | CM2: Sale (Units) | CN2: Closing Stock (Units) | CO2: Sale (Units) | CP2: Closing Stock (Units) | CQ2: Sale (Units) | CR2: Closing Stock (Units) | CS2: Sale (Units) | CT2: Closing Stock (Units) | CU2: Sale (Units) | CV2: Closing Stock (Units) | CW2: Sale (Units) | CX2: Closing Stock (Units) | CY2: Sale (Units) | CZ2: Closing Stock (Units)
A3: ALZIL - SR 23 10 TAB | B3: =IFERROR(VLOOKUP(A3,PRICELIST!$A$3:$D$138,4,0),"-") -> 167.79 | CY3: =C3+E3+G3+I3+K3+M3+O3+Q3+S3+U3+W3+Y3+AA3+AC3+AE3+AG3+AI3+AK3+AM3+AO3+AQ3+AS3+AU3+AW3+AY3+BA3+BC3+BE3+BG3+BI3+BK3+BM3+BO3+BQ3+BS3+BU3+BW3+BY3+CA3+CC3+CE3+CG3+CI3+CK3+CM3+CO3+CQ3+CS3+CU3+CW3 -> 0 | CZ3: =D3+F3+H3+J3+L3+N3+P3+R3+T3+V3+X3+Z3+AB3+AD3+AF3+AH3+AJ3+AL3+AN3+AP3+AR3+AT3+AV3+AX3+AZ3+BB3+BD3+BF3+BH3+BJ3+BL3+BN3+BP3+BR3+BT3+BV3+BX3+BZ3+CB3+CD3+CF3+CH3+CJ3+CL3+CN3+CP3+CR3+CT3+CV3+CX3 -> 0
A4: ALZIL- SR 11.5 10 TAB | B4: =IFERROR(VLOOKUP(A4,PRICELIST!$A$3:$D$138,4,0),"-") -> 112.5 | CY4: =C4+E4+G4+I4+K4+M4+O4+Q4+S4+U4+W4+Y4+AA4+AC4+AE4+AG4+AI4+AK4+AM4+AO4+AQ4+AS4+AU4+AW4+AY4+BA4+BC4+BE4+BG4+BI4+BK4+BM4+BO4+BQ4+BS4+BU4+BW4+BY4+CA4+CC4+CE4+CG4+CI4+CK4+CM4+CO4+CQ4+CS4+CU4+CW4 -> 0 | CZ4: =D4+F4+H4+J4+L4+N4+P4+R4+T4+V4+X4+Z4+AB4+AD4+AF4+AH4+AJ4+AL4+AN4+AP4+AR4+AT4+AV4+AX4+AZ4+BB4+BD4+BF4+BH4+BJ4+BL4+BN4+BP4+BR4+BT4+BV4+BX4+BZ4+CB4+CD4+CF4+CH4+CJ4+CL4+CN4+CP4+CR4+CT4+CV4+CX4 -> 0
A5: ALZIL-10 10 TAB | B5: =IFERROR(VLOOKUP(A5,PRICELIST!$A$3:$D$138,4,0),"-") -> 127.87 | C5: 10 | D5: 488 | G5: 13 | H5: 10 | I5: 2 | J5: 5 | P5: 10 | AB5: 30 | AJ5: 10 | AM5: 12 | AN5: 8 | AS5: 0 | AT5: 6 | AU5: 0 | AV5: 15 | BC5: 3 | BD5: 17 | CC5: 130 | CY5: =C5+E5+G5+I5+K5+M5+O5+Q5+S5+U5+W5+Y5+AA5+AC5+AE5+AG5+AI5+AK5+AM5+AO5+AQ5+AS5+AU5+AW5+AY5+BA5+BC5+BE5+BG5+BI5+BK5+BM5+BO5+BQ5+BS5+BU5+BW5+BY5+CA5+CC5+CE5+CG5+CI5+CK5+CM5+CO5+CQ5+CS5+CU5+CW5 -> 170 | CZ5: =D5+F5+H5+J5+L5+N5+P5+R5+T5+V5+X5+Z5+AB5+AD5+AF5+AH5+AJ5+AL5+AN5+AP5+AR5+AT5+AV5+AX5+AZ5+BB5+BD5+BF5+BH5+BJ5+BL5+BN5+BP5+BR5+BT5+BV5+BX5+BZ5+CB5+CD5+CF5+CH5+CJ5+CL5+CN5+CP5+CR5+CT5+CV5+CX5 -> 599
A6: ALZIL-5 10 TAB | B6: =IFERROR(VLOOKUP(A6,PRICELIST!$A$3:$D$138,4,0),"-") -> 88.7 | C6: 50 | D6: 256 | G6: 30 | H6: 25 | I6: 30 | J6: 15 | O6: 5 | P6: 3 | U6: 40 | V6: 24 | AA6: 18 | AB6: 24 | AI6: 11 | AJ6: 10 | AM6: 69 | AN6: 31 | AQ6: 0 | AR6: 30 | AS6: 18 | AT6: 7 | AU6: 6 | AV6: 12 | BE6: 7 | BF6: 3 | BU6: 6 | BV6: 14 | CC6: 120 | CY6: =C6+E6+G6+I6+K6+M6+O6+Q6+S6+U6+W6+Y6+AA6+AC6+AE6+AG6+AI6+AK6+AM6+AO6+AQ6+AS6+AU6+AW6+AY6+BA6+BC6+BE6+BG6+BI6+BK6+BM6+BO6+BQ6+BS6+BU6+BW6+BY6+CA6+CC6+CE6+CG6+CI6+CK6+CM6+CO6+CQ6+CS6+CU6+CW6 -> 410 | CZ6: =D6+F6+H6+J6+L6+N6+P6+R6+T6+V6+X6+Z6+AB6+AD6+AF6+AH6+AJ6+AL6+AN6+AP6+AR6+AT6+AV6+AX6+AZ6+BB6+BD6+BF6+BH6+BJ6+BL6+BN6+BP6+BR6+BT6+BV6+BX6+BZ6+CB6+CD6+CF6+CH6+CJ6+CL6+CN6+CP6+CR6+CT6+CV6+CX6 -> 454
A7: ALZIL M FORTE 10 TAB | B7: =IFERROR(VLOOKUP(A7,PRICELIST!$A$3:$D$138,4,0),"-") -> 171.64 | C7: 73 | D7: 246 | G7: 6 | H7: 14 | I7: 3 | J7: 6 | U7: 8 | V7: 8 | AI7: 1 | AJ7: 9 | AM7: 25 | AN7: 26 | AU7: 8 | AV7: 20 | CC7: 20 | CY7: =C7+E7+G7+I7+K7+M7+O7+Q7+S7+U7+W7+Y7+AA7+AC7+AE7+AG7+AI7+AK7+AM7+AO7+AQ7+AS7+AU7+AW7+AY7+BA7+BC7+BE7+BG7+BI7+BK7+BM7+BO7+BQ7+BS7+BU7+BW7+BY7+CA7+CC7+CE7+CG7+CI7+CK7+CM7+CO7+CQ7+CS7+CU7+CW7 -> 144 | CZ7: =D7+F7+H7+J7+L7+N7+P7+R7+T7+V7+X7+Z7+AB7+AD7+AF7+AH7+AJ7+AL7+AN7+AP7+AR7+AT7+AV7+AX7+AZ7+BB7+BD7+BF7+BH7+BJ7+BL7+BN7+BP7+BR7+BT7+BV7+BX7+BZ7+CB7+CD7+CF7+CH7+CJ7+CL7+CN7+CP7+CR7+CT7+CV7+CX7 -> 329
A8: ALZIL-M 10 10 TAB | B8: =IFERROR(VLOOKUP(A8,PRICELIST!$A$3:$D$138,4,0),"-") -> 216 | C8: 249 | D8: 807 | E8: 119 | F8: 32 | G8: 50 | H8: 30 | O8: 3 | P8: 10 | Q8: 20 | R8: 7 | S8: 0 | T8: 4 | U8: 41 | V8: 34 | W8: 1 | X8: 1 | AB8: 20 | AE8: 24 | AF8: 1 | AI8: 16 | AJ8: 41 | AM8: 78 | AN8: 22 | AQ8: 20 | AR8: 100 | AS8: 25 | AT8: 10 | AU8: 14 | AV8: 2 | AW8: 5 | AX8: 5 | BE8: 40 | BF8: 10 | CC8: 280 | CY8: =C8+E8+G8+I8+K8+M8+O8+Q8+S8+U8+W8+Y8+AA8+AC8+AE8+AG8+AI8+AK8+AM8+AO8+AQ8+AS8+AU8+AW8+AY8+BA8+BC8+BE8+BG8+BI8+BK8+BM8+BO8+BQ8+BS8+BU8+BW8+BY8+CA8+CC8+CE8+CG8+CI8+CK8+CM8+CO8+CQ8+CS8+CU8+CW8 -> 985 | CZ8: =D8+F8+H8+J8+L8+N8+P8+R8+T8+V8+X8+Z8+AB8+AD8+AF8+AH8+AJ8+AL8+AN8+AP8+AR8+AT8+AV8+AX8+AZ8+BB8+BD8+BF8+BH8+BJ8+BL8+BN8+BP8+BR8+BT8+BV8+BX8+BZ8+CB8+CD8+CF8+CH8+CJ8+CL8+CN8+CP8+CR8+CT8+CV8+CX8 -> 1136
A9: ALZIL-M 5 10 TAB | B9: =IFERROR(VLOOKUP(A9,PRICELIST!$A$3:$D$138,4,0),"-") -> 163.93 | C9: 186 | D9: 777 | E9: 81 | F9: 48 | Q9: 50 | R9: 5 | S9: 0 | T9: 2 | U9: 16 | V9: 12 | W9: 1 | X9: 6 | AB9: 40 | AE9: 28 | AF9: 0 | AI9: 15 | AJ9: 66 | AM9: 146 | AN9: 19 | AQ9: 7 | AR9: 73 | AS9: 25 | AT9: 0 | AU9: 13 | AV9: 0 | AW9: 6 | AX9: 4 | BE9: 6 | BF9: 4 | BQ9: 15 | BR9: 5 | CC9: 440 | CY9: =C9+E9+G9+I9+K9+M9+O9+Q9+S9+U9+W9+Y9+AA9+AC9+AE9+AG9+AI9+AK9+AM9+AO9+AQ9+AS9+AU9+AW9+AY9+BA9+BC9+BE9+BG9+BI9+BK9+BM9+BO9+BQ9+BS9+BU9+BW9+BY9+CA9+CC9+CE9+CG9+CI9+CK9+CM9+CO9+CQ9+CS9+CU9+CW9 -> 1035 | CZ9: =D9+F9+H9+J9+L9+N9+P9+R9+T9+V9+X9+Z9+AB9+AD9+AF9+AH9+AJ9+AL9+AN9+AP9+AR9+AT9+AV9+AX9+AZ9+BB9+BD9+BF9+BH9+BJ9+BL9+BN9+BP9+BR9+BT9+BV9+BX9+BZ9+CB9+CD9+CF9+CH9+CJ9+CL9+CN9+CP9+CR9+CT9+CV9+CX9 -> 1061
A10: ALZIL GROUP | C10: =SUMPRODUCT($B3:$B9,C3:C9) -> 102518.4 | D10: =SUMPRODUCT($B3:$B9,D3:D9) -> 429016.81 | E10: =SUMPRODUCT($B3:$B9,E3:E9) -> 38982.33 | F10: =SUMPRODUCT($B3:$B9,F3:F9) -> 14780.64 | G10: =SUMPRODUCT($B3:$B9,G3:G9) -> 16153.15 | H10: =SUMPRODUCT($B3:$B9,H3:H9) -> 12379.16 | I10: =SUMPRODUCT($B3:$B9,I3:I9) -> 3431.66 | J10: =SUMPRODUCT($B3:$B9,J3:J9) -> 2999.69 | ... CZ10: =SUMPRODUCT($B3:$B9,CZ3:CZ9) -> 592639.22
A11: BRIVAZEN 100 (15T) | B11: =IFERROR(VLOOKUP(A11,PRICELIST!$A$3:$D$138,4,0),"-") -> 432.21 | C11: 194 | D11: 660 | E11: 24 | F11: 2 | G11: 28 | H11: 24 | I11: 48 | J11: 28 | M11: 20 | N11: 42 | S11: 10 | U11: 28 | V11: 2 | W11: 49 | X11: 7 | AA11: 14 | AB11: 20 | AE11: 200 | AF11: 0 | AG11: 15 | AH11: 5 | AI11: 27 | AJ11: 20 | AK11: 0 | AL11: 30 | AM11: 29 | AN11: 8 | AO11: 0 | AP11: 1 | AQ11: 15 | AR11: 0 | AS11: 13 | AT11: 17 | AU11: 17 | AV11: 23 | BC11: 22 | BD11: 18 | BQ11: 6 | BR11: 4 | BS11: 7 | BT11: 3 | BV11: 18 | CA11: 7 | CB11: 3 | CC11: 160 | CY11: =C11+E11+G11+I11+K11+M11+O11+Q11+S11+U11+W11+Y11+AA11+AC11+AE11+AG11+AI11+AK11+AM11+AO11+AQ11+AS11+AU11+AW11+AY11+BA11+BC11+BE11+BG11+BI11+BK11+BM11+BO11+BQ11+BS11+BU11+BW11+BY11+CA11+CC11+CE11+CG11+CI11+CK11+CM11+CO11+CQ11+CS11+CU11+CW11 -> 933 | CZ11: =D11+F11+H11+J11+L11+N11+P11+R11+T11+V11+X11+Z11+AB11+AD11+AF11+AH11+AJ11+AL11+AN11+AP11+AR11+AT11+AV11+AX11+AZ11+BB11+BD11+BF11+BH11+BJ11+BL11+BN11+BP11+BR11+BT11+BV11+BX11+BZ11+CB11+CD11+CF11+CH11+CJ11+CL11+CN11+CP11+CR11+CT11+CV11+CX11 -> 935
A12: BRIVAZEN 25 (15T) | B12: =IFERROR(VLOOKUP(A12,PRICELIST!$A$3:$D$138,4,0),"-") -> 107.11 | C12: 102 | D12: 296 | F12: 16 | G12: 18 | H12: 20 | I12: 35 | J12: 25 | N12: 60 | P12: 24 | T12: 10 | U12: 17 | V12: 16 | W12: 29 | X12: 33 | AA12: 4 | AE12: 3 | AF12: 16 | AI12: 16 | AJ12: 32 | AK12: 5 | AL12: 6 | AM12: 15 | AN12: 24 | AS12: 10 | AT12: 9 | AU12: 14 | AV12: 18 | BC12: 20 | BD12: 20 | BK12: 5 | BL12: 6 | BV12: 27 | CC12: 60 | CY12: =C12+E12+G12+I12+K12+M12+O12+Q12+S12+U12+W12+Y12+AA12+AC12+AE12+AG12+AI12+AK12+AM12+AO12+AQ12+AS12+AU12+AW12+AY12+BA12+BC12+BE12+BG12+BI12+BK12+BM12+BO12+BQ12+BS12+BU12+BW12+BY12+CA12+CC12+CE12+CG12+CI12+CK12+CM12+CO12+CQ12+CS12+CU12+CW12 -> 353 | CZ12: =D12+F12+H12+J12+L12+N12+P12+R12+T12+V12+X12+Z12+AB12+AD12+AF12+AH12+AJ12+AL12+AN12+AP12+AR12+AT12+AV12+AX12+AZ12+BB12+BD12+BF12+BH12+BJ12+BL12+BN12+BP12+BR12+BT12+BV12+BX12+BZ12+CB12+CD12+CF12+CH12+CJ12+CL12+CN12+CP12+CR12+CT12+CV12+CX12 -> 658
A13: BRIVAZEN 50 (15T) | B13: =IFERROR(VLOOKUP(A13,PRICELIST!$A$3:$D$138,4,0),"-") -> 205.07 | C13: 1785 | D13: 5239 | E13: 132 | F13: 33 | G13: 75 | H13: 25 | I13: 471 | J13: 291 | M13: 183 | N13: 337 | O13: 7 | P13: 42 | Q13: 100 | R13: 20 | S13: 11 | T13: 5 | U13: 68 | V13: 42 | W13: 4 | X13: 14 | Y13: 40 | Z13: 70 | AA13: 75 | AB13: 69 | AC13: 30 | AD13: 34 | AE13: 217 | AF13: 61 | AG13: 14 | AH13: 6 | AI13: 103 | AJ13: 125 | AK13: 81 | AL13: 26 | AM13: 206 | AN13: 32 | AO13: 9 | AP13: 1 | AQ13: 60 | AR13: 100 | AS13: 18 | AT13: 22 | AU13: 57 | AV13: 21 | AW13: 7 | AX13: 3 | BD13: 20 | BG13: 21 | BH13: 22 | BK13: 10 | BL13: 5 | BQ13: 13 | BR13: 7 | BS13: 6 | BT13: 4 | BW13: 24 | CA13: 6 | CB13: 4 | CC13: 680 | CY13: =C13+E13+G13+I13+K13+M13+O13+Q13+S13+U13+W13+Y13+AA13+AC13+AE13+AG13+AI13+AK13+AM13+AO13+AQ13+AS13+AU13+AW13+AY13+BA13+BC13+BE13+BG13+BI13+BK13+BM13+BO13+BQ13+BS13+BU13+BW13+BY13+CA13+CC13+CE13+CG13+CI13+CK13+CM13+CO13+CQ13+CS13+CU13+CW13 -> 4513 | CZ13: =D13+F13+H13+J13+L13+N13+P13+R13+T13+V13+X13+Z13+AB13+AD13+AF13+AH13+AJ13+AL13+AN13+AP13+AR13+AT13+AV13+AX13+AZ13+BB13+BD13+BF13+BH13+BJ13+BL13+BN13+BP13+BR13+BT13+BV13+BX13+BZ13+CB13+CD13+CF13+CH13+CJ13+CL13+CN13+CP13+CR13+CT13+CV13+CX13 -> 6680
A14: BRIVAZEN 75 (15T) | B14: =IFERROR(VLOOKUP(A14,PRICELIST!$A$3:$D$138,4,0),"-") -> 322.71 | C14: 120 | D14: 270 | E14: 5 | F14: 15 | H14: 20 | I14: 36 | J14: 36 | O14: 7 | P14: 3 | S14: 20 | T14: 0 | U14: 9 | V14: 3 | X14: 14 | AA14: 76 | AB14: 34 | AE14: 64 | AF14: 6 | AI14: 11 | AJ14: 16 | AK14: 18 | AL14: 4 | AM14: 65 | AN14: 20 | AQ14: 2 | AR14: 30 | AU14: 19 | AV14: 13 | BG14: 6 | BH14: 24 | BQ14: 12 | BR14: 8 | BY14: 20 | CA14: 7 | CB14: 3 | CC14: 40 | CY14: =C14+E14+G14+I14+K14+M14+O14+Q14+S14+U14+W14+Y14+AA14+AC14+AE14+AG14+AI14+AK14+AM14+AO14+AQ14+AS14+AU14+AW14+AY14+BA14+BC14+BE14+BG14+BI14+BK14+BM14+BO14+BQ14+BS14+BU14+BW14+BY14+CA14+CC14+CE14+CG14+CI14+CK14+CM14+CO14+CQ14+CS14+CU14+CW14 -> 537 | CZ14: =D14+F14+H14+J14+L14+N14+P14+R14+T14+V14+X14+Z14+AB14+AD14+AF14+AH14+AJ14+AL14+AN14+AP14+AR14+AT14+AV14+AX14+AZ14+BB14+BD14+BF14+BH14+BJ14+BL14+BN14+BP14+BR14+BT14+BV14+BX14+BZ14+CB14+CD14+CF14+CH14+CJ14+CL14+CN14+CP14+CR14+CT14+CV14+CX14 -> 519
A15: BRIVAZEN SR 100 (SALE) (10T) | B15: =IFERROR(VLOOKUP(A15,PRICELIST!$A$3:$D$138,4,0),"-") -> 272.23 | C15: 65 | D15: 209 | E15: 6 | F15: 4 | G15: 18 | H15: 16 | I15: 3 | J15: 7 | M15: 54 | N15: 56 | Q15: 10 | S15: 5 | T15: 2 | U15: 30 | V15: 16 | AA15: 49 | AB15: 51 | AE15: 54 | AF15: 10 | AM15: 10 | AN15: 0 | AQ15: 19 | AR15: 31 | AS15: 11 | AT15: 9 | CC15: 30 | CY15: =C15+E15+G15+I15+K15+M15+O15+Q15+S15+U15+W15+Y15+AA15+AC15+AE15+AG15+AI15+AK15+AM15+AO15+AQ15+AS15+AU15+AW15+AY15+BA15+BC15+BE15+BG15+BI15+BK15+BM15+BO15+BQ15+BS15+BU15+BW15+BY15+CA15+CC15+CE15+CG15+CI15+CK15+CM15+CO15+CQ15+CS15+CU15+CW15 -> 364 | CZ15: =D15+F15+H15+J15+L15+N15+P15+R15+T15+V15+X15+Z15+AB15+AD15+AF15+AH15+AJ15+AL15+AN15+AP15+AR15+AT15+AV15+AX15+AZ15+BB15+BD15+BF15+BH15+BJ15+BL15+BN15+BP15+BR15+BT15+BV15+BX15+BZ15+CB15+CD15+CF15+CH15+CJ15+CL15+CN15+CP15+CR15+CT15+CV15+CX15 -> 411
A16: BRIVAZEN SR 200 (SALE) (10T) | B16: =IFERROR(VLOOKUP(A16,PRICELIST!$A$3:$D$138,4,0),"-") -> 352.76 | C16: 5 | D16: 54 | E16: -10 | F16: 20 | U16: 13 | V16: 12 | AM16: 0 | AN16: 10 | AU16: 3 | AV16: 7 | CY16: =C16+E16+G16+I16+K16+M16+O16+Q16+S16+U16+W16+Y16+AA16+AC16+AE16+AG16+AI16+AK16+AM16+AO16+AQ16+AS16+AU16+AW16+AY16+BA16+BC16+BE16+BG16+BI16+BK16+BM16+BO16+BQ16+BS16+BU16+BW16+BY16+CA16+CC16+CE16+CG16+CI16+CK16+CM16+CO16+CQ16+CS16+CU16+CW16 -> 11 | CZ16: =D16+F16+H16+J16+L16+N16+P16+R16+T16+V16+X16+Z16+AB16+AD16+AF16+AH16+AJ16+AL16+AN16+AP16+AR16+AT16+AV16+AX16+AZ16+BB16+BD16+BF16+BH16+BJ16+BL16+BN16+BP16+BR16+BT16+BV16+BX16+BZ16+CB16+CD16+CF16+CH16+CJ16+CL16+CN16+CP16+CR16+CT16+CV16+CX16 -> 103
A17: BRIVAZEN SR 50 (SALE) (10T) | B17: =IFERROR(VLOOKUP(A17,PRICELIST!$A$3:$D$138,4,0),"-") -> 137.57 | C17: 117 | D17: 265 | G17: 58 | H17: 27 | S17: 10 | T17: 0 | U17: 66 | V17: 24 | W17: 7 | X17: 18 | Y17: 30 | Z17: 30 | AA17: 6 | AB17: 1 | AE17: 39 | AF17: 11 | AI17: 24 | AJ17: 38 | AM17: 1 | AN17: 0 | AQ17: 10 | AR17: 50 | AU17: 0 | AV17: 7 | CC17: 30 | CY17: =C17+E17+G17+I17+K17+M17+O17+Q17+S17+U17+W17+Y17+AA17+AC17+AE17+AG17+AI17+AK17+AM17+AO17+AQ17+AS17+AU17+AW17+AY17+BA17+BC17+BE17+BG17+BI17+BK17+BM17+BO17+BQ17+BS17+BU17+BW17+BY17+CA17+CC17+CE17+CG17+CI17+CK17+CM17+CO17+CQ17+CS17+CU17+CW17 -> 398 | CZ17: =D17+F17+H17+J17+L17+N17+P17+R17+T17+V17+X17+Z17+AB17+AD17+AF17+AH17+AJ17+AL17+AN17+AP17+AR17+AT17+AV17+AX17+AZ17+BB17+BD17+BF17+BH17+BJ17+BL17+BN17+BP17+BR17+BT17+BV17+BX17+BZ17+CB17+CD17+CF17+CH17+CJ17+CL17+CN17+CP17+CR17+CT17+CV17+CX17 -> 471
A18: BRIVAZEN SOLUTION 200 ML | B18: =IFERROR(VLOOKUP(A18,PRICELIST!$A$3:$D$138,4,0),"-") -> 647.36 | C18: 20 | D18: 164 | U18: 3 | V18: 9 | AB18: 2 | AE18: 5 | AF18: 6 | CY18: =C18+E18+G18+I18+K18+M18+O18+Q18+S18+U18+W18+Y18+AA18+AC18+AE18+AG18+AI18+AK18+AM18+AO18+AQ18+AS18+AU18+AW18+AY18+BA18+BC18+BE18+BG18+BI18+BK18+BM18+BO18+BQ18+BS18+BU18+BW18+BY18+CA18+CC18+CE18+CG18+CI18+CK18+CM18+CO18+CQ18+CS18+CU18+CW18 -> 28 | CZ18: =D18+F18+H18+J18+L18+N18+P18+R18+T18+V18+X18+Z18+AB18+AD18+AF18+AH18+AJ18+AL18+AN18+AP18+AR18+AT18+AV18+AX18+AZ18+BB18+BD18+BF18+BH18+BJ18+BL18+BN18+BP18+BR18+BT18+BV18+BX18+BZ18+CB18+CD18+CF18+CH18+CJ18+CL18+CN18+CP18+CR18+CT18+CV18+CX18 -> 181
A19: BRIVAZEN INJECTION (5 ML) | B19: =IFERROR(VLOOKUP(A19,PRICELIST!$A$3:$D$138,4,0),"-") -> 110.25 | C19: 100 | D19: 40 | E19: 6 | F19: 25 | N19: 50 | R19: 50 | S19: 40 | T19: 2 | U19: 125 | V19: 112 | AA19: 168 | AB19: 44 | AC19: 72 | AD19: 50 | AF19: 70 | AI19: 175 | AJ19: 63 | AM19: 0 | AN19: 10 | BS19: 5 | BT19: 5 | CY19: =C19+E19+G19+I19+K19+M19+O19+Q19+S19+U19+W19+Y19+AA19+AC19+AE19+AG19+AI19+AK19+AM19+AO19+AQ19+AS19+AU19+AW19+AY19+BA19+BC19+BE19+BG19+BI19+BK19+BM19+BO19+BQ19+BS19+BU19+BW19+BY19+CA19+CC19+CE19+CG19+CI19+CK19+CM19+CO19+CQ19+CS19+CU19+CW19 -> 691 | CZ19: =D19+F19+H19+J19+L19+N19+P19+R19+T19+V19+X19+Z19+AB19+AD19+AF19+AH19+AJ19+AL19+AN19+AP19+AR19+AT19+AV19+AX19+AZ19+BB19+BD19+BF19+BH19+BJ19+BL19+BN19+BP19+BR19+BT19+BV19+BX19+BZ19+CB19+CD19+CF19+CH19+CJ19+CL19+CN19+CP19+CR19+CT19+CV19+CX19 -> 521
A20: BRIVAZEN GROUP | C20: =SUMPRODUCT($B11:$B19,C11:C19) -> 559075.75 | D20: =SUMPRODUCT($B11:$B19,D11:D19) -> 1701434.8 | E20: =SUMPRODUCT($B11:$B19,E11:E19) -> 37823.11 | F20: =SUMPRODUCT($B11:$B19,F11:F19) -> 25086.51 | G20: =SUMPRODUCT($B11:$B19,G11:G19) -> 42289.31 | H20: =SUMPRODUCT($B11:$B19,H11:H19) -> 32166.26 | I20: =SUMPRODUCT($B11:$B19,I11:I19) -> 133517.15 | J20: =SUMPRODUCT($B11:$B19,J11:J19) -> 87978.17 | ... CZ20: =SUMPRODUCT($B11:$B19,CZ11:CZ19) -> 2399577.5
A21: CELETOIN -100, 100 TABS (D) | B21: =IFERROR(VLOOKUP(A21,PRICELIST!$A$3:$D$138,4,0),"-") -> 128.88 | C21: 14 | D21: 96 | G21: 14 | H21: 13 | I21: 61 | J21: 52 | AI21: 3 | AJ21: 4 | AM21: 0 | AN21: 1 | AS21: 2 | AT21: 4 | BU21: 5 | BV21: 2 | CC21: 10 | CY21: =C21+E21+G21+I21+K21+M21+O21+Q21+S21+U21+W21+Y21+AA21+AC21+AE21+AG21+AI21+AK21+AM21+AO21+AQ21+AS21+AU21+AW21+AY21+BA21+BC21+BE21+BG21+BI21+BK21+BM21+BO21+BQ21+BS21+BU21+BW21+BY21+CA21+CC21+CE21+CG21+CI21+CK21+CM21+CO21+CQ21+CS21+CU21+CW21 -> 109 | CZ21: =D21+F21+H21+J21+L21+N21+P21+R21+T21+V21+X21+Z21+AB21+AD21+AF21+AH21+AJ21+AL21+AN21+AP21+AR21+AT21+AV21+AX21+AZ21+BB21+BD21+BF21+BH21+BJ21+BL21+BN21+BP21+BR21+BT21+BV21+BX21+BZ21+CB21+CD21+CF21+CH21+CJ21+CL21+CN21+CP21+CR21+CT21+CV21+CX21 -> 172
A22: CELETOIN 300 30 TAB | B22: =IFERROR(VLOOKUP(A22,PRICELIST!$A$3:$D$138,4,0),"-") -> 120.53 | D22: 10 | I22: 4 | J22: 13 | AM22: 0 | AN22: 10 | CY22: =C22+E22+G22+I22+K22+M22+O22+Q22+S22+U22+W22+Y22+AA22+AC22+AE22+AG22+AI22+AK22+AM22+AO22+AQ22+AS22+AU22+AW22+AY22+BA22+BC22+BE22+BG22+BI22+BK22+BM22+BO22+BQ22+BS22+BU22+BW22+BY22+CA22+CC22+CE22+CG22+CI22+CK22+CM22+CO22+CQ22+CS22+CU22+CW22 -> 4 | CZ22: =D22+F22+H22+J22+L22+N22+P22+R22+T22+V22+X22+Z22+AB22+AD22+AF22+AH22+AJ22+AL22+AN22+AP22+AR22+AT22+AV22+AX22+AZ22+BB22+BD22+BF22+BH22+BJ22+BL22+BN22+BP22+BR22+BT22+BV22+BX22+BZ22+CB22+CD22+CF22+CH22+CJ22+CL22+CN22+CP22+CR22+CT22+CV22+CX22 -> 33
A23: CELETOIN ER 300 30 TAB | B23: =IFERROR(VLOOKUP(A23,PRICELIST!$A$3:$D$138,4,0),"-") -> 144.29 | D23: 10 | AI23: 1 | AJ23: 8 | AM23: 1 | AN23: 13 | CY23: =C23+E23+G23+I23+K23+M23+O23+Q23+S23+U23+W23+Y23+AA23+AC23+AE23+AG23+AI23+AK23+AM23+AO23+AQ23+AS23+AU23+AW23+AY23+BA23+BC23+BE23+BG23+BI23+BK23+BM23+BO23+BQ23+BS23+BU23+BW23+BY23+CA23+CC23+CE23+CG23+CI23+CK23+CM23+CO23+CQ23+CS23+CU23+CW23 -> 2 | CZ23: =D23+F23+H23+J23+L23+N23+P23+R23+T23+V23+X23+Z23+AB23+AD23+AF23+AH23+AJ23+AL23+AN23+AP23+AR23+AT23+AV23+AX23+AZ23+BB23+BD23+BF23+BH23+BJ23+BL23+BN23+BP23+BR23+BT23+BV23+BX23+BZ23+CB23+CD23+CF23+CH23+CJ23+CL23+CN23+CP23+CR23+CT23+CV23+CX23 -> 31
A24: CELETOIN GROUP | C24: =SUMPRODUCT($B21:$B23,C21:C23) -> 1804.32 | D24: =SUMPRODUCT($B21:$B23,D21:D23) -> 15020.68 | E24: =SUMPRODUCT($B21:$B23,E21:E23) -> 0 | F24: =SUMPRODUCT($B21:$B23,F21:F23) -> 0 | G24: =SUMPRODUCT($B21:$B23,G21:G23) -> 1804.32 | H24: =SUMPRODUCT($B21:$B23,H21:H23) -> 1675.44 | I24: =SUMPRODUCT($B21:$B23,I21:I23) -> 8343.8 | J24: =SUMPRODUCT($B21:$B23,J21:J23) -> 8268.65 | ... CZ24: =SUMPRODUCT($B21:$B23,CZ21:CZ23) -> 30617.84
A25: LURASID 40 (10T) | B25: =IFERROR(VLOOKUP(A25,PRICELIST!$A$3:$D$138,4,0),"-") -> 110.57 | C25: 18 | D25: 124 | E25: 3 | F25: 28 | G25: 33 | H25: 20 | I25: 57 | J25: 40 | T25: 26 | X25: 10 | AI25: 6 | AJ25: 18 | AM25: 0 | AN25: 6 | AS25: 17 | AT25: 10 | AU25: 25 | AV25: 18 | BQ25: 4 | BR25: 6 | BU25: 47 | BV25: 32 | CC25: 140 | CY25: =C25+E25+G25+I25+K25+M25+O25+Q25+S25+U25+W25+Y25+AA25+AC25+AE25+AG25+AI25+AK25+AM25+AO25+AQ25+AS25+AU25+AW25+AY25+BA25+BC25+BE25+BG25+BI25+BK25+BM25+BO25+BQ25+BS25+BU25+BW25+BY25+CA25+CC25+CE25+CG25+CI25+CK25+CM25+CO25+CQ25+CS25+CU25+CW25 -> 350 | CZ25: =D25+F25+H25+J25+L25+N25+P25+R25+T25+V25+X25+Z25+AB25+AD25+AF25+AH25+AJ25+AL25+AN25+AP25+AR25+AT25+AV25+AX25+AZ25+BB25+BD25+BF25+BH25+BJ25+BL25+BN25+BP25+BR25+BT25+BV25+BX25+BZ25+CB25+CD25+CF25+CH25+CJ25+CL25+CN25+CP25+CR25+CT25+CV25+CX25 -> 338
A26: LURASID 80 (10T) | B26: =IFERROR(VLOOKUP(A26,PRICELIST!$A$3:$D$138,4,0),"-") -> 184.82 | C26: 10 | D26: 70 | H26: 13 | I26: 0 | J26: 21 | AI26: 9 | AJ26: 11 | AS26: 3 | AT26: 1 | AU26: 3 | AV26: 14 | CC26: 50 | CY26: =C26+E26+G26+I26+K26+M26+O26+Q26+S26+U26+W26+Y26+AA26+AC26+AE26+AG26+AI26+AK26+AM26+AO26+AQ26+AS26+AU26+AW26+AY26+BA26+BC26+BE26+BG26+BI26+BK26+BM26+BO26+BQ26+BS26+BU26+BW26+BY26+CA26+CC26+CE26+CG26+CI26+CK26+CM26+CO26+CQ26+CS26+CU26+CW26 -> 75 | CZ26: =D26+F26+H26+J26+L26+N26+P26+R26+T26+V26+X26+Z26+AB26+AD26+AF26+AH26+AJ26+AL26+AN26+AP26+AR26+AT26+AV26+AX26+AZ26+BB26+BD26+BF26+BH26+BJ26+BL26+BN26+BP26+BR26+BT26+BV26+BX26+BZ26+CB26+CD26+CF26+CH26+CJ26+CL26+CN26+CP26+CR26+CT26+CV26+CX26 -> 130
A27: LURASID GROUP | C27: =SUMPRODUCT($B25:$B26,C25:C26) -> 3838.46 | D27: =SUMPRODUCT($B25:$B26,D25:D26) -> 26648.08 | E27: =SUMPRODUCT($B25:$B26,E25:E26) -> 331.71 | F27: =SUMPRODUCT($B25:$B26,F25:F26) -> 3095.96 | G27: =SUMPRODUCT($B25:$B26,G25:G26) -> 3648.81 | H27: =SUMPRODUCT($B25:$B26,H25:H26) -> 4614.06 | I27: =SUMPRODUCT($B25:$B26,I25:I26) -> 6302.49 | J27: =SUMPRODUCT($B25:$B26,J25:J26) -> 8304.02 | ... CZ27: =SUMPRODUCT($B25:$B26,CZ25:CZ26) -> 61399.26
A28: MIRNITE MELTAB-15 10 TAB | B28: =IFERROR(VLOOKUP(A28,PRICELIST!$A$3:$D$138,4,0),"-") -> 113.79 | C28: 43 | D28: 29 | H28: 14 | I28: 7 | J28: 7 | N28: 108 | T28: 7 | AF28: 10 | AO28: 6 | AP28: 4 | AQ28: 0 | AR28: 2 | AS28: 0 | AT28: 7 | AU28: 5 | AV28: 22 | BQ28: 5 | BR28: 5 | BU28: 10 | BV28: 10 | CC28: 60 | CY28: =C28+E28+G28+I28+K28+M28+O28+Q28+S28+U28+W28+Y28+AA28+AC28+AE28+AG28+AI28+AK28+AM28+AO28+AQ28+AS28+AU28+AW28+AY28+BA28+BC28+BE28+BG28+BI28+BK28+BM28+BO28+BQ28+BS28+BU28+BW28+BY28+CA28+CC28+CE28+CG28+CI28+CK28+CM28+CO28+CQ28+CS28+CU28+CW28 -> 136 | CZ28: =D28+F28+H28+J28+L28+N28+P28+R28+T28+V28+X28+Z28+AB28+AD28+AF28+AH28+AJ28+AL28+AN28+AP28+AR28+AT28+AV28+AX28+AZ28+BB28+BD28+BF28+BH28+BJ28+BL28+BN28+BP28+BR28+BT28+BV28+BX28+BZ28+CB28+CD28+CF28+CH28+CJ28+CL28+CN28+CP28+CR28+CT28+CV28+CX28 -> 225
A29: MIRNITE MELTAB-30 10 TAB | B29: =IFERROR(VLOOKUP(A29,PRICELIST!$A$3:$D$138,4,0),"-") -> 188.04 | C29: 20 | D29: 84 | F29: 10 | G29: 3 | H29: 2 | N29: 74 | AM29: 4 | AN29: 2 | AO29: 0 | AP29: 10 | AU29: 0 | AV29: 11 | BU29: 10 | BV29: 10 | CY29: =C29+E29+G29+I29+K29+M29+O29+Q29+S29+U29+W29+Y29+AA29+AC29+AE29+AG29+AI29+AK29+AM29+AO29+AQ29+AS29+AU29+AW29+AY29+BA29+BC29+BE29+BG29+BI29+BK29+BM29+BO29+BQ29+BS29+BU29+BW29+BY29+CA29+CC29+CE29+CG29+CI29+CK29+CM29+CO29+CQ29+CS29+CU29+CW29 -> 37 | CZ29: =D29+F29+H29+J29+L29+N29+P29+R29+T29+V29+X29+Z29+AB29+AD29+AF29+AH29+AJ29+AL29+AN29+AP29+AR29+AT29+AV29+AX29+AZ29+BB29+BD29+BF29+BH29+BJ29+BL29+BN29+BP29+BR29+BT29+BV29+BX29+BZ29+CB29+CD29+CF29+CH29+CJ29+CL29+CN29+CP29+CR29+CT29+CV29+CX29 -> 203
A30: MIRNITE MELTAB-7.5 10 TAB | B30: =IFERROR(VLOOKUP(A30,PRICELIST!$A$3:$D$138,4,0),"-") -> 68.16 | C30: 43 | D30: 128 | G30: 19 | H30: 25 | I30: 4 | J30: 12 | S30: 27 | W30: 1 | Z30: 2 | AJ30: 32 | AM30: 9 | AN30: 1 | AO30: 0 | AP30: 4 | AQ30: 6 | AR30: 24 | AS30: 3 | AT30: 12 | AU30: 14 | AV30: 20 | AW30: 6 | AX30: 4 | BE30: 15 | BF30: 5 | BU30: 4 | BV30: 20 | CC30: 20 | CY30: =C30+E30+G30+I30+K30+M30+O30+Q30+S30+U30+W30+Y30+AA30+AC30+AE30+AG30+AI30+AK30+AM30+AO30+AQ30+AS30+AU30+AW30+AY30+BA30+BC30+BE30+BG30+BI30+BK30+BM30+BO30+BQ30+BS30+BU30+BW30+BY30+CA30+CC30+CE30+CG30+CI30+CK30+CM30+CO30+CQ30+CS30+CU30+CW30 -> 171 | CZ30: =D30+F30+H30+J30+L30+N30+P30+R30+T30+V30+X30+Z30+AB30+AD30+AF30+AH30+AJ30+AL30+AN30+AP30+AR30+AT30+AV30+AX30+AZ30+BB30+BD30+BF30+BH30+BJ30+BL30+BN30+BP30+BR30+BT30+BV30+BX30+BZ30+CB30+CD30+CF30+CH30+CJ30+CL30+CN30+CP30+CR30+CT30+CV30+CX30 -> 289
A31: MIRNITE-15 10 TAB | B31: =IFERROR(VLOOKUP(A31,PRICELIST!$A$3:$D$138,4,0),"-") -> 101.57 | C31: 93 | D31: 299 | E31: 9 | F31: 11 | I31: 5 | J31: 9 | O31: 2 | S31: 12 | T31: 9 | U31: 1 | V31: 10 | W31: 3 | X31: 3 | AC31: 5 | AD31: 6 | AF31: 10 | AI31: 3 | AJ31: 61 | AM31: 34 | AN31: 6 | AO31: 0 | AP31: 10 | AQ31: 8 | AR31: 0 | AS31: 0 | AT31: 10 | AU31: 7 | AV31: 7 | BE31: 6 | BF31: 4 | BU31: 9 | BV31: 9 | BY31: 740 | CC31: 70 | CY31: =C31+E31+G31+I31+K31+M31+O31+Q31+S31+U31+W31+Y31+AA31+AC31+AE31+AG31+AI31+AK31+AM31+AO31+AQ31+AS31+AU31+AW31+AY31+BA31+BC31+BE31+BG31+BI31+BK31+BM31+BO31+BQ31+BS31+BU31+BW31+BY31+CA31+CC31+CE31+CG31+CI31+CK31+CM31+CO31+CQ31+CS31+CU31+CW31 -> 1007 | CZ31: =D31+F31+H31+J31+L31+N31+P31+R31+T31+V31+X31+Z31+AB31+AD31+AF31+AH31+AJ31+AL31+AN31+AP31+AR31+AT31+AV31+AX31+AZ31+BB31+BD31+BF31+BH31+BJ31+BL31+BN31+BP31+BR31+BT31+BV31+BX31+BZ31+CB31+CD31+CF31+CH31+CJ31+CL31+CN31+CP31+CR31+CT31+CV31+CX31 -> 464
A32: MIRNITE-30 10 TAB | B32: =IFERROR(VLOOKUP(A32,PRICELIST!$A$3:$D$138,4,0),"-") -> 164.73 | C32: 43 | D32: 174 | E32: 5 | F32: 3 | G32: 9 | H32: 18 | I32: 0 | J32: 8 | O32: 1 | P32: 1 | S32: 0 | T32: 2 | U32: 2 | V32: 6 | AI32: 3 | AJ32: 2 | AM32: 28 | AN32: 16 | AO32: 3 | AP32: 7 | AQ32: 6 | AR32: 14 | AU32: 9 | AV32: 14 | BU32: 6 | BV32: 12 | CC32: 10 | CY32: =C32+E32+G32+I32+K32+M32+O32+Q32+S32+U32+W32+Y32+AA32+AC32+AE32+AG32+AI32+AK32+AM32+AO32+AQ32+AS32+AU32+AW32+AY32+BA32+BC32+BE32+BG32+BI32+BK32+BM32+BO32+BQ32+BS32+BU32+BW32+BY32+CA32+CC32+CE32+CG32+CI32+CK32+CM32+CO32+CQ32+CS32+CU32+CW32 -> 125 | CZ32: =D32+F32+H32+J32+L32+N32+P32+R32+T32+V32+X32+Z32+AB32+AD32+AF32+AH32+AJ32+AL32+AN32+AP32+AR32+AT32+AV32+AX32+AZ32+BB32+BD32+BF32+BH32+BJ32+BL32+BN32+BP32+BR32+BT32+BV32+BX32+BZ32+CB32+CD32+CF32+CH32+CJ32+CL32+CN32+CP32+CR32+CT32+CV32+CX32 -> 277
A33: MIRNITE-7.5 10 TAB | B33: =IFERROR(VLOOKUP(A33,PRICELIST!$A$3:$D$138,4,0),"-") -> 78.1 | C33: 138 | D33: 231 | E33: 5 | G33: 45 | H33: 26 | I33: 28 | J33: 28 | T33: 10 | U33: 18 | V33: 9 | X33: 12 | Y33: 54 | AM33: 128 | AN33: 34 | AO33: 0 | AP33: 0 | AQ33: 6 | AR33: 24 | AS33: 0 | AT33: 35 | AU33: 4 | AV33: 19 | BC33: 5 | BD33: 3 | BE33: 14 | BF33: 6 | BU33: 1 | BV33: 7 | BY33: 1000 | CA33: 7 | CB33: 3 | CC33: 150 | CY33: =C33+E33+G33+I33+K33+M33+O33+Q33+S33+U33+W33+Y33+AA33+AC33+AE33+AG33+AI33+AK33+AM33+AO33+AQ33+AS33+AU33+AW33+AY33+BA33+BC33+BE33+BG33+BI33+BK33+BM33+BO33+BQ33+BS33+BU33+BW33+BY33+CA33+CC33+CE33+CG33+CI33+CK33+CM33+CO33+CQ33+CS33+CU33+CW33 -> 1603 | CZ33: =D33+F33+H33+J33+L33+N33+P33+R33+T33+V33+X33+Z33+AB33+AD33+AF33+AH33+AJ33+AL33+AN33+AP33+AR33+AT33+AV33+AX33+AZ33+BB33+BD33+BF33+BH33+BJ33+BL33+BN33+BP33+BR33+BT33+BV33+BX33+BZ33+CB33+CD33+CF33+CH33+CJ33+CL33+CN33+CP33+CR33+CT33+CV33+CX33 -> 447
A34: MIRNITE GROUP | C34: =SUMPRODUCT($B28:$B33,C28:C33) -> 38891.85 | D34: =SUMPRODUCT($B28:$B33,D28:D33) -> 104893.3 | E34: =SUMPRODUCT($B28:$B33,E28:E33) -> 2128.28 | F34: =SUMPRODUCT($B28:$B33,F28:F33) -> 3491.86 | G34: =SUMPRODUCT($B28:$B33,G28:G33) -> 6856.23 | H34: =SUMPRODUCT($B28:$B33,H28:H33) -> 8668.88 | I34: =SUMPRODUCT($B28:$B33,I28:I33) -> 3763.82 | J34: =SUMPRODUCT($B28:$B33,J28:J33) -> 6033.22 | ... CZ34: =SUMPRODUCT($B28:$B33,CZ28:CZ33) -> 211142.5
A35: NAPRA-D 250 10 TAB | B35: =IFERROR(VLOOKUP(A35,PRICELIST!$A$3:$D$138,4,0),"-") -> 60.11 | C35: 368 | D35: 1402 | E35: 16 | F35: 24 | G35: 56 | H35: 38 | I35: 586 | J35: 470 | M35: 185 | N35: 200 | O35: 4 | P35: 164 | U35: 65 | V35: 27 | W35: 9 | X35: 21 | AA35: 31 | AB35: 39 | AC35: 20 | AD35: 33 | AE35: 312 | AF35: 13 | AG35: 14 | AH35: 6 | AI35: 34 | AJ35: 158 | AK35: 15 | AL35: 53 | AM35: 280 | AN35: 210 | AO35: 9 | AP35: 0 | AQ35: 96 | AR35: 104 | AS35: 28 | AT35: 23 | BD35: 10 | BE35: 50 | BF35: 20 | BG35: 5 | BI35: 12 | BJ35: 9 | BK35: 7 | BL35: 13 | BQ35: 12 | BR35: 8 | BS35: 6 | BT35: 4 | BU35: 9 | BV35: 40 | BW35: 70 | BY35: 299 | CC35: 380 | CY35: =C35+E35+G35+I35+K35+M35+O35+Q35+S35+U35+W35+Y35+AA35+AC35+AE35+AG35+AI35+AK35+AM35+AO35+AQ35+AS35+AU35+AW35+AY35+BA35+BC35+BE35+BG35+BI35+BK35+BM35+BO35+BQ35+BS35+BU35+BW35+BY35+CA35+CC35+CE35+CG35+CI35+CK35+CM35+CO35+CQ35+CS35+CU35+CW35 -> 2978 | CZ35: =D35+F35+H35+J35+L35+N35+P35+R35+T35+V35+X35+Z35+AB35+AD35+AF35+AH35+AJ35+AL35+AN35+AP35+AR35+AT35+AV35+AX35+AZ35+BB35+BD35+BF35+BH35+BJ35+BL35+BN35+BP35+BR35+BT35+BV35+BX35+BZ35+CB35+CD35+CF35+CH35+CJ35+CL35+CN35+CP35+CR35+CT35+CV35+CX35 -> 3089
A36: NAPRA-D 500 10 TAB | B36: =IFERROR(VLOOKUP(A36,PRICELIST!$A$3:$D$138,4,0),"-") -> 91.2 | C36: 418 | D36: 1331 | E36: 46 | F36: 20 | G36: 65 | H36: 47 | I36: 1212 | J36: 712 | M36: 209 | N36: 177 | O36: 30 | P36: 31 | Q36: 180 | R36: 2 | S36: 5 | T36: 5 | U36: 137 | V36: 6 | W36: 9 | X36: 21 | Y36: 1 | Z36: 10 | AA36: 44 | AB36: 25 | AC36: 15 | AD36: 15 | AE36: 304 | AF36: 27 | AG36: 20 | AH36: 10 | AI36: 53 | AJ36: 48 | AK36: 25 | AL36: 54 | AM36: 486 | AN36: 208 | AO36: 10 | AP36: 0 | AS36: 58 | AT36: 32 | AU36: 30 | AV36: 7 | AW36: 7 | AX36: 3 | BB36: 10 | BE36: 30 | BF36: 10 | BG36: 32 | BI36: 10 | BJ36: 5 | BK36: 10 | BQ36: 20 | BR36: 10 | BS36: 7 | BT36: 3 | BU36: 2 | BV36: 5 | BW36: 30 | BY36: 391 | CC36: 720 | CY36: =C36+E36+G36+I36+K36+M36+O36+Q36+S36+U36+W36+Y36+AA36+AC36+AE36+AG36+AI36+AK36+AM36+AO36+AQ36+AS36+AU36+AW36+AY36+BA36+BC36+BE36+BG36+BI36+BK36+BM36+BO36+BQ36+BS36+BU36+BW36+BY36+CA36+CC36+CE36+CG36+CI36+CK36+CM36+CO36+CQ36+CS36+CU36+CW36 -> 4616 | CZ36: =D36+F36+H36+J36+L36+N36+P36+R36+T36+V36+X36+Z36+AB36+AD36+AF36+AH36+AJ36+AL36+AN36+AP36+AR36+AT36+AV36+AX36+AZ36+BB36+BD36+BF36+BH36+BJ36+BL36+BN36+BP36+BR36+BT36+BV36+BX36+BZ36+CB36+CD36+CF36+CH36+CJ36+CL36+CN36+CP36+CR36+CT36+CV36+CX36 -> 2834
A37: NAPRA D GROUP | C37: =SUMPRODUCT($B35:$B36,C35:C36) -> 60242.08 | D37: =SUMPRODUCT($B35:$B36,D35:D36) -> 205661.42 | E37: =SUMPRODUCT($B35:$B36,E35:E36) -> 5156.96 | F37: =SUMPRODUCT($B35:$B36,F35:F36) -> 3266.64 | G37: =SUMPRODUCT($B35:$B36,G35:G36) -> 9294.16 | H37: =SUMPRODUCT($B35:$B36,H35:H36) -> 6570.58 | I37: =SUMPRODUCT($B35:$B36,I35:I36) -> 145758.86 | J37: =SUMPRODUCT($B35:$B36,J35:J36) -> 93186.1 | ... CZ37: =SUMPRODUCT($B35:$B36,CZ35:CZ36) -> 444140.59
A38: NEMDAA 10 10 TAB | B38: =IFERROR(VLOOKUP(A38,PRICELIST!$A$3:$D$138,4,0),"-") -> 159.75 | C38: 78 | D38: 180 | G38: 14 | H38: 27 | I38: 23 | J38: 23 | P38: 10 | S38: 12 | T38: 6 | AM38: 33 | AN38: 7 | AQ38: 6 | AR38: 0 | AS38: 6 | AT38: 10 | BQ38: 6 | BR38: 4 | CC38: 210 | CY38: =C38+E38+G38+I38+K38+M38+O38+Q38+S38+U38+W38+Y38+AA38+AC38+AE38+AG38+AI38+AK38+AM38+AO38+AQ38+AS38+AU38+AW38+AY38+BA38+BC38+BE38+BG38+BI38+BK38+BM38+BO38+BQ38+BS38+BU38+BW38+BY38+CA38+CC38+CE38+CG38+CI38+CK38+CM38+CO38+CQ38+CS38+CU38+CW38 -> 388 | CZ38: =D38+F38+H38+J38+L38+N38+P38+R38+T38+V38+X38+Z38+AB38+AD38+AF38+AH38+AJ38+AL38+AN38+AP38+AR38+AT38+AV38+AX38+AZ38+BB38+BD38+BF38+BH38+BJ38+BL38+BN38+BP38+BR38+BT38+BV38+BX38+BZ38+CB38+CD38+CF38+CH38+CJ38+CL38+CN38+CP38+CR38+CT38+CV38+CX38 -> 267
A39: NEMDAA 5 10 TAB | B39: =IFERROR(VLOOKUP(A39,PRICELIST!$A$3:$D$138,4,0),"-") -> 83.59 | C39: 43 | D39: 139 | I39: 7 | J39: 12 | AM39: 8 | AN39: 1 | AQ39: 0 | AR39: 30 | CC39: 80 | CY39: =C39+E39+G39+I39+K39+M39+O39+Q39+S39+U39+W39+Y39+AA39+AC39+AE39+AG39+AI39+AK39+AM39+AO39+AQ39+AS39+AU39+AW39+AY39+BA39+BC39+BE39+BG39+BI39+BK39+BM39+BO39+BQ39+BS39+BU39+BW39+BY39+CA39+CC39+CE39+CG39+CI39+CK39+CM39+CO39+CQ39+CS39+CU39+CW39 -> 138 | CZ39: =D39+F39+H39+J39+L39+N39+P39+R39+T39+V39+X39+Z39+AB39+AD39+AF39+AH39+AJ39+AL39+AN39+AP39+AR39+AT39+AV39+AX39+AZ39+BB39+BD39+BF39+BH39+BJ39+BL39+BN39+BP39+BR39+BT39+BV39+BX39+BZ39+CB39+CD39+CF39+CH39+CJ39+CL39+CN39+CP39+CR39+CT39+CV39+CX39 -> 182
A40: NEMDAA GROUP | C40: =SUMPRODUCT($B38:$B39,C38:C39) -> 16054.87 | D40: =SUMPRODUCT($B38:$B39,D38:D39) -> 40374.01 | E40: =SUMPRODUCT($B38:$B39,E38:E39) -> 0 | F40: =SUMPRODUCT($B38:$B39,F38:F39) -> 0 | G40: =SUMPRODUCT($B38:$B39,G38:G39) -> 2236.5 | H40: =SUMPRODUCT($B38:$B39,H38:H39) -> 4313.25 | I40: =SUMPRODUCT($B38:$B39,I38:I39) -> 4259.38 | J40: =SUMPRODUCT($B38:$B39,J38:J39) -> 4677.33 | ... CZ40: =SUMPRODUCT($B38:$B39,CZ38:CZ39) -> 57866.63
A41: OLIMELT 10 10 TAB (D) | B41: =IFERROR(VLOOKUP(A41,PRICELIST!$A$3:$D$138,4,0),"-") -> 78.79 | C41: 359 | D41: 703 | E41: 84 | F41: 36 | G41: 25 | H41: 36 | I41: 100 | J41: 77 | N41: 34 | P41: 7 | Q41: 700 | R41: 5 | S41: 16 | T41: 1 | U41: 43 | V41: 25 | X41: 2 | Y41: 71 | Z41: 40 | AE41: 12 | AF41: 12 | AI41: 47 | AJ41: 58 | AM41: 108 | AN41: 28 | AO41: 20 | AP41: 0 | AQ41: 67 | AR41: 59 | AS41: 75 | AT41: 28 | AU41: 38 | AV41: 28 | AW41: 20 | AX41: 8 | BC41: 8 | BD41: 17 | BE41: 20 | BF41: 8 | BG41: 7 | BI41: 20 | BJ41: 2 | BN41: 6 | BQ41: 10 | BR41: 4 | BU41: 7 | BV41: 12 | BY41: -7 | CC41: 252 | CY41: =C41+E41+G41+I41+K41+M41+O41+Q41+S41+U41+W41+Y41+AA41+AC41+AE41+AG41+AI41+AK41+AM41+AO41+AQ41+AS41+AU41+AW41+AY41+BA41+BC41+BE41+BG41+BI41+BK41+BM41+BO41+BQ41+BS41+BU41+BW41+BY41+CA41+CC41+CE41+CG41+CI41+CK41+CM41+CO41+CQ41+CS41+CU41+CW41 -> 2102 | CZ41: =D41+F41+H41+J41+L41+N41+P41+R41+T41+V41+X41+Z41+AB41+AD41+AF41+AH41+AJ41+AL41+AN41+AP41+AR41+AT41+AV41+AX41+AZ41+BB41+BD41+BF41+BH41+BJ41+BL41+BN41+BP41+BR41+BT41+BV41+BX41+BZ41+CB41+CD41+CF41+CH41+CJ41+CL41+CN41+CP41+CR41+CT41+CV41+CX41 -> 1236
A42: OLIMELT 15 10 TAB | B42: =IFERROR(VLOOKUP(A42,PRICELIST!$A$3:$D$138,4,0),"-") -> 142.29 | C42: 199 | D42: 494 | E42: 40 | F42: 61 | G42: 6 | H42: 9 | I42: 8 | J42: 21 | M42: 18 | N42: 16 | Q42: 700 | T42: 7 | U42: 12 | V42: 4 | W42: 33 | X42: 38 | Z42: 63 | AI42: 13 | AJ42: 86 | AM42: 0 | AN42: 3 | AO42: 6 | AP42: 4 | AQ42: 17 | AR42: 21 | AS42: 3 | AT42: 5 | AU42: 14 | AV42: 22 | BC42: 57 | BD42: 45 | BE42: 5 | BF42: 2 | BI42: 14 | BJ42: 14 | BQ42: 10 | BR42: 4 | BU42: 7 | CC42: 42 | CY42: =C42+E42+G42+I42+K42+M42+O42+Q42+S42+U42+W42+Y42+AA42+AC42+AE42+AG42+AI42+AK42+AM42+AO42+AQ42+AS42+AU42+AW42+AY42+BA42+BC42+BE42+BG42+BI42+BK42+BM42+BO42+BQ42+BS42+BU42+BW42+BY42+CA42+CC42+CE42+CG42+CI42+CK42+CM42+CO42+CQ42+CS42+CU42+CW42 -> 1204 | CZ42: =D42+F42+H42+J42+L42+N42+P42+R42+T42+V42+X42+Z42+AB42+AD42+AF42+AH42+AJ42+AL42+AN42+AP42+AR42+AT42+AV42+AX42+AZ42+BB42+BD42+BF42+BH42+BJ42+BL42+BN42+BP42+BR42+BT42+BV42+BX42+BZ42+CB42+CD42+CF42+CH42+CJ42+CL42+CN42+CP42+CR42+CT42+CV42+CX42 -> 919
A43: OLIMELT 2.5 10 TAB | B43: =IFERROR(VLOOKUP(A43,PRICELIST!$A$3:$D$138,4,0),"-") -> 35.36 | C43: 726 | D43: 1333 | E43: 40 | F43: 27 | G43: 43 | H43: 53 | I43: 170 | J43: 163 | M43: 30 | N43: 30 | P43: 60 | Q43: 130 | R43: 5 | S43: 42 | T43: 5 | U43: 42 | V43: 28 | X43: 37 | Y43: 55 | Z43: 70 | AC43: 13 | AD43: 27 | AE43: 29 | AF43: 30 | AI43: 97 | AJ43: 157 | AM43: 295 | AN43: 53 | AO43: 43 | AP43: 0 | AQ43: 57 | AR43: 105 | AS43: 43 | AT43: 41 | AU43: 35 | AV43: 28 | BE43: 25 | BF43: 10 | BH43: 2 | BI43: 62 | BJ43: 42 | BN43: 29 | BU43: 12 | BV43: 37 | CA43: 30 | CB43: 5 | CC43: 315 | CY43: =C43+E43+G43+I43+K43+M43+O43+Q43+S43+U43+W43+Y43+AA43+AC43+AE43+AG43+AI43+AK43+AM43+AO43+AQ43+AS43+AU43+AW43+AY43+BA43+BC43+BE43+BG43+BI43+BK43+BM43+BO43+BQ43+BS43+BU43+BW43+BY43+CA43+CC43+CE43+CG43+CI43+CK43+CM43+CO43+CQ43+CS43+CU43+CW43 -> 2334 | CZ43: =D43+F43+H43+J43+L43+N43+P43+R43+T43+V43+X43+Z43+AB43+AD43+AF43+AH43+AJ43+AL43+AN43+AP43+AR43+AT43+AV43+AX43+AZ43+BB43+BD43+BF43+BH43+BJ43+BL43+BN43+BP43+BR43+BT43+BV43+BX43+BZ43+CB43+CD43+CF43+CH43+CJ43+CL43+CN43+CP43+CR43+CT43+CV43+CX43 -> 2377
A44: OLIMELT 20 10 TAB | B44: =IFERROR(VLOOKUP(A44,PRICELIST!$A$3:$D$138,4,0),"-") -> 175.18 | C44: 54 | D44: 351 | E44: 24 | F44: 48 | G44: 3 | H44: 7 | I44: 7 | J44: 12 | M44: 12 | Q44: 50 | S44: 5 | T44: 5 | U44: 6 | V44: 29 | X44: 12 | AE44: 2 | AF44: 3 | AJ44: 2 | AM44: 62 | AN44: 29 | AO44: 7 | AP44: 0 | AQ44: 17 | AR44: 53 | AU44: 13 | AV44: 25 | BE44: 30 | BF44: 12 | BU44: 7 | BV44: 5 | CC44: 21 | CY44: =C44+E44+G44+I44+K44+M44+O44+Q44+S44+U44+W44+Y44+AA44+AC44+AE44+AG44+AI44+AK44+AM44+AO44+AQ44+AS44+AU44+AW44+AY44+BA44+BC44+BE44+BG44+BI44+BK44+BM44+BO44+BQ44+BS44+BU44+BW44+BY44+CA44+CC44+CE44+CG44+CI44+CK44+CM44+CO44+CQ44+CS44+CU44+CW44 -> 320 | CZ44: =D44+F44+H44+J44+L44+N44+P44+R44+T44+V44+X44+Z44+AB44+AD44+AF44+AH44+AJ44+AL44+AN44+AP44+AR44+AT44+AV44+AX44+AZ44+BB44+BD44+BF44+BH44+BJ44+BL44+BN44+BP44+BR44+BT44+BV44+BX44+BZ44+CB44+CD44+CF44+CH44+CJ44+CL44+CN44+CP44+CR44+CT44+CV44+CX44 -> 593
A45: OLIMELT 5 10 TAB (D) | B45: =IFERROR(VLOOKUP(A45,PRICELIST!$A$3:$D$138,4,0),"-") -> 42.72 | C45: 425 | D45: 1394 | E45: 56 | F45: 57 | G45: 90 | H45: 67 | I45: 98 | J45: 94 | M45: 30 | N45: 35 | O45: 1 | P45: 6 | Q45: 109 | R45: 1 | T45: 21 | U45: 37 | V45: 35 | Y45: 12 | Z45: 50 | AA45: 3 | AB45: 18 | AC45: 9 | AD45: 9 | AE45: 29 | AF45: 89 | AI45: 81 | AJ45: 96 | AM45: 209 | AN45: 142 | AO45: 28 | AP45: 0 | AQ45: 0 | AR45: 63 | AS45: 49 | AT45: 21 | AU45: 45 | AV45: 0 | AW45: 30 | AX45: 12 | BD45: 30 | BE45: 30 | BF45: 12 | BG45: 18 | BH45: 42 | BI45: 27 | BJ45: 36 | BK45: 26 | BL45: 6 | BM45: 17 | BN45: 25 | BQ45: 30 | BR45: 12 | BU45: 5 | BY45: 695 | CA45: 18 | CB45: 4 | CC45: 273 | CY45: =C45+E45+G45+I45+K45+M45+O45+Q45+S45+U45+W45+Y45+AA45+AC45+AE45+AG45+AI45+AK45+AM45+AO45+AQ45+AS45+AU45+AW45+AY45+BA45+BC45+BE45+BG45+BI45+BK45+BM45+BO45+BQ45+BS45+BU45+BW45+BY45+CA45+CC45+CE45+CG45+CI45+CK45+CM45+CO45+CQ45+CS45+CU45+CW45 -> 2480 | CZ45: =D45+F45+H45+J45+L45+N45+P45+R45+T45+V45+X45+Z45+AB45+AD45+AF45+AH45+AJ45+AL45+AN45+AP45+AR45+AT45+AV45+AX45+AZ45+BB45+BD45+BF45+BH45+BJ45+BL45+BN45+BP45+BR45+BT45+BV45+BX45+BZ45+CB45+CD45+CF45+CH45+CJ45+CL45+CN45+CP45+CR45+CT45+CV45+CX45 -> 2377
A46: OLIMELT 7.5 10 TAB | B46: =IFERROR(VLOOKUP(A46,PRICELIST!$A$3:$D$138,4,0),"-") -> 84.28 | C46: 83 | D46: 399 | E46: 14 | F46: 27 | G46: 17 | H46: 24 | I46: 54 | J46: 41 | Q46: 100 | S46: 31 | T46: 7 | U46: 25 | V46: 18 | W46: 5 | X46: 32 | Y46: 24 | Z46: 14 | AF46: 12 | AI46: 3 | AJ46: 24 | AM46: 78 | AN46: 8 | AO46: 18 | AP46: 0 | AQ46: 0 | AR46: 56 | AS46: 4 | AT46: 8 | BC46: 17 | BI46: 15 | BJ46: 7 | BU46: 4 | BV46: 2 | CC46: 42 | CY46: =C46+E46+G46+I46+K46+M46+O46+Q46+S46+U46+W46+Y46+AA46+AC46+AE46+AG46+AI46+AK46+AM46+AO46+AQ46+AS46+AU46+AW46+AY46+BA46+BC46+BE46+BG46+BI46+BK46+BM46+BO46+BQ46+BS46+BU46+BW46+BY46+CA46+CC46+CE46+CG46+CI46+CK46+CM46+CO46+CQ46+CS46+CU46+CW46 -> 534 | CZ46: =D46+F46+H46+J46+L46+N46+P46+R46+T46+V46+X46+Z46+AB46+AD46+AF46+AH46+AJ46+AL46+AN46+AP46+AR46+AT46+AV46+AX46+AZ46+BB46+BD46+BF46+BH46+BJ46+BL46+BN46+BP46+BR46+BT46+BV46+BX46+BZ46+CB46+CD46+CF46+CH46+CJ46+CL46+CN46+CP46+CR46+CT46+CV46+CX46 -> 679
A47: OLIMELT GROUP | C47: =SUMPRODUCT($B41:$B46,C41:C46) -> 116883.64 | D47: =SUMPRODUCT($B41:$B46,D41:D46) -> 327483.09 | E47: =SUMPRODUCT($B41:$B46,E41:E46) -> 21500.92 | F47: =SUMPRODUCT($B41:$B46,F41:F46) -> 25590.09 | G47: =SUMPRODUCT($B41:$B46,G41:G46) -> 10147.07 | H47: =SUMPRODUCT($B41:$B46,H41:H46) -> 12102.35 | I47: =SUMPRODUCT($B41:$B46,I41:I46) -> 24992.46 | J47: =SUMPRODUCT($B41:$B46,J41:J46) -> 24391.92 | ... CZ47: =SUMPRODUCT($B41:$B46,CZ41:CZ46) -> 574852.97
A48: PALMIFLAM (10C) | B48: =IFERROR(VLOOKUP(A48,PRICELIST!$A$3:$D$138,4,0),"-") -> 201.26 | C48: 207 | D48: 409 | E48: 15 | F48: 185 | G48: 22 | H48: 20 | I48: 110 | J48: 98 | M48: 1 | N48: 30 | P48: 10 | R48: 5 | S48: 4 | T48: 0 | U48: 37 | V48: 48 | AA48: 1 | AB48: 39 | AD48: 8 | AF48: 27 | AI48: 23 | AJ48: 16 | AK48: 10 | AL48: 30 | AM48: 70 | AN48: 14 | AO48: 9 | AP48: 1 | AS48: 26 | AT48: 20 | AU48: 23 | AV48: 17 | BU48: 14 | BV48: 12 | CA48: 8 | CB48: 2 | CC48: 160 | CY48: =C48+E48+G48+I48+K48+M48+O48+Q48+S48+U48+W48+Y48+AA48+AC48+AE48+AG48+AI48+AK48+AM48+AO48+AQ48+AS48+AU48+AW48+AY48+BA48+BC48+BE48+BG48+BI48+BK48+BM48+BO48+BQ48+BS48+BU48+BW48+BY48+CA48+CC48+CE48+CG48+CI48+CK48+CM48+CO48+CQ48+CS48+CU48+CW48 -> 740 | CZ48: =D48+F48+H48+J48+L48+N48+P48+R48+T48+V48+X48+Z48+AB48+AD48+AF48+AH48+AJ48+AL48+AN48+AP48+AR48+AT48+AV48+AX48+AZ48+BB48+BD48+BF48+BH48+BJ48+BL48+BN48+BP48+BR48+BT48+BV48+BX48+BZ48+CB48+CD48+CF48+CH48+CJ48+CL48+CN48+CP48+CR48+CT48+CV48+CX48 -> 991
A49: PALMIFLAM | C49: =SUMPRODUCT($B48*C48) -> 41660.82 | D49: =SUMPRODUCT($B48*D48) -> 82315.34 | E49: =SUMPRODUCT($B48*E48) -> 3018.9 | F49: =SUMPRODUCT($B48*F48) -> 37233.1 | G49: =SUMPRODUCT($B48*G48) -> 4427.72 | H49: =SUMPRODUCT($B48*H48) -> 4025.2 | I49: =SUMPRODUCT($B48*I48) -> 22138.6 | J49: =SUMPRODUCT($B48*J48) -> 19723.48 | ... CZ49: =SUMPRODUCT($B48*CZ48) -> 199448.66
A50: PAXINTA CR 12.5 10 TAB | B50: =IFERROR(VLOOKUP(A50,PRICELIST!$A$3:$D$138,4,0),"-") -> 170.19 | C50: 72 | D50: 125 | E50: 3 | F50: 11 | G50: 3 | H50: 6 | I50: 0 | J50: 7 | N50: 30 | O50: 17 | P50: 17 | U50: 19 | V50: 23 | AI50: 5 | AJ50: 45 | AM50: 17 | AN50: 10 | BU50: 9 | BV50: 7 | CY50: =C50+E50+G50+I50+K50+M50+O50+Q50+S50+U50+W50+Y50+AA50+AC50+AE50+AG50+AI50+AK50+AM50+AO50+AQ50+AS50+AU50+AW50+AY50+BA50+BC50+BE50+BG50+BI50+BK50+BM50+BO50+BQ50+BS50+BU50+BW50+BY50+CA50+CC50+CE50+CG50+CI50+CK50+CM50+CO50+CQ50+CS50+CU50+CW50 -> 145 | CZ50: =D50+F50+H50+J50+L50+N50+P50+R50+T50+V50+X50+Z50+AB50+AD50+AF50+AH50+AJ50+AL50+AN50+AP50+AR50+AT50+AV50+AX50+AZ50+BB50+BD50+BF50+BH50+BJ50+BL50+BN50+BP50+BR50+BT50+BV50+BX50+BZ50+CB50+CD50+CF50+CH50+CJ50+CL50+CN50+CP50+CR50+CT50+CV50+CX50 -> 281
A51: PAXINTA CR 25 10 TAB | B51: =IFERROR(VLOOKUP(A51,PRICELIST!$A$3:$D$138,4,0),"-") -> 209.89 | C51: 28 | D51: 307 | G51: 9 | H51: 5 | I51: 6 | J51: 10 | M51: 24 | N51: 48 | O51: 12 | P51: 8 | AA51: 12 | AB51: 24 | AJ51: 58 | AM51: 2 | AN51: 0 | CY51: =C51+E51+G51+I51+K51+M51+O51+Q51+S51+U51+W51+Y51+AA51+AC51+AE51+AG51+AI51+AK51+AM51+AO51+AQ51+AS51+AU51+AW51+AY51+BA51+BC51+BE51+BG51+BI51+BK51+BM51+BO51+BQ51+BS51+BU51+BW51+BY51+CA51+CC51+CE51+CG51+CI51+CK51+CM51+CO51+CQ51+CS51+CU51+CW51 -> 93 | CZ51: =D51+F51+H51+J51+L51+N51+P51+R51+T51+V51+X51+Z51+AB51+AD51+AF51+AH51+AJ51+AL51+AN51+AP51+AR51+AT51+AV51+AX51+AZ51+BB51+BD51+BF51+BH51+BJ51+BL51+BN51+BP51+BR51+BT51+BV51+BX51+BZ51+CB51+CD51+CF51+CH51+CJ51+CL51+CN51+CP51+CR51+CT51+CV51+CX51 -> 460
A52: PAXINTA CR 37.5 10 TAB | B52: =IFERROR(VLOOKUP(A52,PRICELIST!$A$3:$D$138,4,0),"-") -> 302.79 | C52: 20 | D52: 90 | H52: 7 | I52: 3 | J52: 12 | U52: 3 | V52: 7 | AI52: 0 | AJ52: 27 | BU52: 12 | BV52: 12 | CY52: =C52+E52+G52+I52+K52+M52+O52+Q52+S52+U52+W52+Y52+AA52+AC52+AE52+AG52+AI52+AK52+AM52+AO52+AQ52+AS52+AU52+AW52+AY52+BA52+BC52+BE52+BG52+BI52+BK52+BM52+BO52+BQ52+BS52+BU52+BW52+BY52+CA52+CC52+CE52+CG52+CI52+CK52+CM52+CO52+CQ52+CS52+CU52+CW52 -> 38 | CZ52: =D52+F52+H52+J52+L52+N52+P52+R52+T52+V52+X52+Z52+AB52+AD52+AF52+AH52+AJ52+AL52+AN52+AP52+AR52+AT52+AV52+AX52+AZ52+BB52+BD52+BF52+BH52+BJ52+BL52+BN52+BP52+BR52+BT52+BV52+BX52+BZ52+CB52+CD52+CF52+CH52+CJ52+CL52+CN52+CP52+CR52+CT52+CV52+CX52 -> 155
A53: PAXINTA CR | C53: =SUMPRODUCT($B50:$B52,C50:C52) -> 24186.4 | D53: =SUMPRODUCT($B50:$B52,D50:D52) -> 112961.08 | E53: =SUMPRODUCT($B50:$B52,E50:E52) -> 510.57 | F53: =SUMPRODUCT($B50:$B52,F50:F52) -> 1872.09 | G53: =SUMPRODUCT($B50:$B52,G50:G52) -> 2399.58 | H53: =SUMPRODUCT($B50:$B52,H50:H52) -> 4190.12 | I53: =SUMPRODUCT($B50:$B52,I50:I52) -> 2167.71 | J53: =SUMPRODUCT($B50:$B52,J50:J52) -> 6923.71 | ... CZ53: =SUMPRODUCT($B50:$B52,CZ50:CZ52) -> 191305.24
A54: PREXARON 500MG 10 TAB | B54: =IFERROR(VLOOKUP(A54,PRICELIST!$A$3:$D$138,4,0),"-") -> 508.18 | C54: 80 | D54: 180 | G54: 18 | H54: 9 | I54: 1 | J54: 15 | U54: 1 | V54: 1 | X54: 7 | AF54: 15 | AI54: 0 | AJ54: 18 | AM54: 6 | AN54: 6 | AQ54: 0 | AR54: 20 | AS54: 0 | AT54: 13 | BU54: 5 | BV54: 2 | CY54: =C54+E54+G54+I54+K54+M54+O54+Q54+S54+U54+W54+Y54+AA54+AC54+AE54+AG54+AI54+AK54+AM54+AO54+AQ54+AS54+AU54+AW54+AY54+BA54+BC54+BE54+BG54+BI54+BK54+BM54+BO54+BQ54+BS54+BU54+BW54+BY54+CA54+CC54+CE54+CG54+CI54+CK54+CM54+CO54+CQ54+CS54+CU54+CW54 -> 111 | CZ54: =D54+F54+H54+J54+L54+N54+P54+R54+T54+V54+X54+Z54+AB54+AD54+AF54+AH54+AJ54+AL54+AN54+AP54+AR54+AT54+AV54+AX54+AZ54+BB54+BD54+BF54+BH54+BJ54+BL54+BN54+BP54+BR54+BT54+BV54+BX54+BZ54+CB54+CD54+CF54+CH54+CJ54+CL54+CN54+CP54+CR54+CT54+CV54+CX54 -> 286
A55: PREXARON INJ. 2ML | B55: =IFERROR(VLOOKUP(A55,PRICELIST!$A$3:$D$138,4,0),"-") -> 115.71 | D55: 10 | AB55: 30 | AQ55: 0 | AR55: 10 | CY55: =C55+E55+G55+I55+K55+M55+O55+Q55+S55+U55+W55+Y55+AA55+AC55+AE55+AG55+AI55+AK55+AM55+AO55+AQ55+AS55+AU55+AW55+AY55+BA55+BC55+BE55+BG55+BI55+BK55+BM55+BO55+BQ55+BS55+BU55+BW55+BY55+CA55+CC55+CE55+CG55+CI55+CK55+CM55+CO55+CQ55+CS55+CU55+CW55 -> 0 | CZ55: =D55+F55+H55+J55+L55+N55+P55+R55+T55+V55+X55+Z55+AB55+AD55+AF55+AH55+AJ55+AL55+AN55+AP55+AR55+AT55+AV55+AX55+AZ55+BB55+BD55+BF55+BH55+BJ55+BL55+BN55+BP55+BR55+BT55+BV55+BX55+BZ55+CB55+CD55+CF55+CH55+CJ55+CL55+CN55+CP55+CR55+CT55+CV55+CX55 -> 50
A56: PREXARON INJ. 4ML | B56: =IFERROR(VLOOKUP(A56,PRICELIST!$A$3:$D$138,4,0),"-") -> 207.64 | CY56: =C56+E56+G56+I56+K56+M56+O56+Q56+S56+U56+W56+Y56+AA56+AC56+AE56+AG56+AI56+AK56+AM56+AO56+AQ56+AS56+AU56+AW56+AY56+BA56+BC56+BE56+BG56+BI56+BK56+BM56+BO56+BQ56+BS56+BU56+BW56+BY56+CA56+CC56+CE56+CG56+CI56+CK56+CM56+CO56+CQ56+CS56+CU56+CW56 -> 0 | CZ56: =D56+F56+H56+J56+L56+N56+P56+R56+T56+V56+X56+Z56+AB56+AD56+AF56+AH56+AJ56+AL56+AN56+AP56+AR56+AT56+AV56+AX56+AZ56+BB56+BD56+BF56+BH56+BJ56+BL56+BN56+BP56+BR56+BT56+BV56+BX56+BZ56+CB56+CD56+CF56+CH56+CJ56+CL56+CN56+CP56+CR56+CT56+CV56+CX56 -> 0
A57: PREXARON PLUS 10 TAB | B57: =IFERROR(VLOOKUP(A57,PRICELIST!$A$3:$D$138,4,0),"-") -> 576.96 | C57: 9 | D57: 70 | E57: 21 | F57: 98 | G57: 19 | H57: 19 | I57: 12 | J57: 16 | N57: 52 | S57: 13 | T57: 7 | U57: 48 | V57: 32 | X57: 2 | AA57: 19 | AB57: 22 | AF57: 20 | AI57: 133 | AJ57: 30 | AM57: 25 | AN57: 13 | AO57: 0 | AP57: 1 | AQ57: 48 | AR57: 22 | AU57: 0 | AV57: 7 | BE57: 15 | BF57: 5 | BG57: 5 | BH57: 7 | BN57: 1 | BU57: 21 | BV57: 20 | CC57: 60 | CY57: =C57+E57+G57+I57+K57+M57+O57+Q57+S57+U57+W57+Y57+AA57+AC57+AE57+AG57+AI57+AK57+AM57+AO57+AQ57+AS57+AU57+AW57+AY57+BA57+BC57+BE57+BG57+BI57+BK57+BM57+BO57+BQ57+BS57+BU57+BW57+BY57+CA57+CC57+CE57+CG57+CI57+CK57+CM57+CO57+CQ57+CS57+CU57+CW57 -> 448 | CZ57: =D57+F57+H57+J57+L57+N57+P57+R57+T57+V57+X57+Z57+AB57+AD57+AF57+AH57+AJ57+AL57+AN57+AP57+AR57+AT57+AV57+AX57+AZ57+BB57+BD57+BF57+BH57+BJ57+BL57+BN57+BP57+BR57+BT57+BV57+BX57+BZ57+CB57+CD57+CF57+CH57+CJ57+CL57+CN57+CP57+CR57+CT57+CV57+CX57 -> 444
A58: PREXARON SYRUP 60 ML | B58: =IFERROR(VLOOKUP(A58,PRICELIST!$A$3:$D$138,4,0),"-") -> 635.31 | V58: 4 | W58: 1 | X58: 6 | AI58: 0 | AJ58: 7 | AM58: 0 | AN58: 5 | AQ58: 0 | AR58: 7 | AS58: 0 | AT58: 3 | CY58: =C58+E58+G58+I58+K58+M58+O58+Q58+S58+U58+W58+Y58+AA58+AC58+AE58+AG58+AI58+AK58+AM58+AO58+AQ58+AS58+AU58+AW58+AY58+BA58+BC58+BE58+BG58+BI58+BK58+BM58+BO58+BQ58+BS58+BU58+BW58+BY58+CA58+CC58+CE58+CG58+CI58+CK58+CM58+CO58+CQ58+CS58+CU58+CW58 -> 1 | CZ58: =D58+F58+H58+J58+L58+N58+P58+R58+T58+V58+X58+Z58+AB58+AD58+AF58+AH58+AJ58+AL58+AN58+AP58+AR58+AT58+AV58+AX58+AZ58+BB58+BD58+BF58+BH58+BJ58+BL58+BN58+BP58+BR58+BT58+BV58+BX58+BZ58+CB58+CD58+CF58+CH58+CJ58+CL58+CN58+CP58+CR58+CT58+CV58+CX58 -> 32
A59: PREXARON GROUP | C59: =SUMPRODUCT($B54:$B58,C54:C58) -> 45847.04 | D59: =SUMPRODUCT($B54:$B58,D54:D58) -> 133016.7 | E59: =SUMPRODUCT($B54:$B58,E54:E58) -> 12116.16 | F59: =SUMPRODUCT($B54:$B58,F54:F58) -> 56542.08 | G59: =SUMPRODUCT($B54:$B58,G54:G58) -> 20109.48 | H59: =SUMPRODUCT($B54:$B58,H54:H58) -> 15535.86 | I59: =SUMPRODUCT($B54:$B58,I54:I58) -> 7431.7 | J59: =SUMPRODUCT($B54:$B58,J54:J58) -> 16854.06 | ... CZ59: =SUMPRODUCT($B54:$B58,CZ54:CZ58) -> 427625.14
A60: PROVANOL-SR 20 (10T) | B60: =IFERROR(VLOOKUP(A60,PRICELIST!$A$3:$D$138,4,0),"-") -> 23.41 | D60: 200 | E60: 3 | F60: 27 | N60: 30 | R60: 30 | T60: 10 | V60: 30 | AB60: 30 | AG60: 5 | AH60: 5 | AJ60: 30 | AK60: 3 | AL60: 17 | AM60: 30 | AN60: 0 | AU60: 15 | AV60: 29 | BE60: 5 | BF60: 5 | CY60: =C60+E60+G60+I60+K60+M60+O60+Q60+S60+U60+W60+Y60+AA60+AC60+AE60+AG60+AI60+AK60+AM60+AO60+AQ60+AS60+AU60+AW60+AY60+BA60+BC60+BE60+BG60+BI60+BK60+BM60+BO60+BQ60+BS60+BU60+BW60+BY60+CA60+CC60+CE60+CG60+CI60+CK60+CM60+CO60+CQ60+CS60+CU60+CW60 -> 61 | CZ60: =D60+F60+H60+J60+L60+N60+P60+R60+T60+V60+X60+Z60+AB60+AD60+AF60+AH60+AJ60+AL60+AN60+AP60+AR60+AT60+AV60+AX60+AZ60+BB60+BD60+BF60+BH60+BJ60+BL60+BN60+BP60+BR60+BT60+BV60+BX60+BZ60+CB60+CD60+CF60+CH60+CJ60+CL60+CN60+CP60+CR60+CT60+CV60+CX60 -> 443
A61: PROVANOL SR -40 10 TAB | B61: =IFERROR(VLOOKUP(A61,PRICELIST!$A$3:$D$138,4,0),"-") -> 23.57 | C61: 710 | D61: 1185 | E61: 176 | F61: 124 | G61: 115 | H61: 77 | I61: 313 | J61: 184 | N61: 30 | O61: 2 | P61: 12 | Q61: 10 | S61: 20 | U61: 83 | V61: 27 | W61: 61 | X61: 19 | Y61: 60 | Z61: 190 | AA61: 5 | AB61: 22 | AE61: 49 | AF61: 1 | AI61: 86 | AJ61: 167 | AK61: 5 | AL61: 78 | AM61: 171 | AN61: 109 | AO61: 10 | AP61: 0 | AQ61: 199 | AR61: 101 | AS61: 37 | AT61: 20 | AU61: 14 | AV61: 4 | AW61: 6 | AX61: 4 | BC61: 5 | BD61: 28 | BE61: 30 | BF61: 10 | BQ61: 20 | BR61: 10 | BU61: 13 | BV61: 17 | BY61: 160 | CC61: 570 | CY61: =C61+E61+G61+I61+K61+M61+O61+Q61+S61+U61+W61+Y61+AA61+AC61+AE61+AG61+AI61+AK61+AM61+AO61+AQ61+AS61+AU61+AW61+AY61+BA61+BC61+BE61+BG61+BI61+BK61+BM61+BO61+BQ61+BS61+BU61+BW61+BY61+CA61+CC61+CE61+CG61+CI61+CK61+CM61+CO61+CQ61+CS61+CU61+CW61 -> 2930 | CZ61: =D61+F61+H61+J61+L61+N61+P61+R61+T61+V61+X61+Z61+AB61+AD61+AF61+AH61+AJ61+AL61+AN61+AP61+AR61+AT61+AV61+AX61+AZ61+BB61+BD61+BF61+BH61+BJ61+BL61+BN61+BP61+BR61+BT61+BV61+BX61+BZ61+CB61+CD61+CF61+CH61+CJ61+CL61+CN61+CP61+CR61+CT61+CV61+CX61 -> 2419
A62: PROVANOL SR -60 10 TAB | B62: =IFERROR(VLOOKUP(A62,PRICELIST!$A$3:$D$138,4,0),"-") -> 66.7 | C62: 58 | D62: 103 | E62: 42 | F62: 3 | I62: 21 | J62: 21 | U62: 13 | AM62: 101 | AN62: 19 | AQ62: 32 | AR62: 60 | AU62: 0 | AV62: 5 | BU62: 16 | BV62: 17 | CY62: =C62+E62+G62+I62+K62+M62+O62+Q62+S62+U62+W62+Y62+AA62+AC62+AE62+AG62+AI62+AK62+AM62+AO62+AQ62+AS62+AU62+AW62+AY62+BA62+BC62+BE62+BG62+BI62+BK62+BM62+BO62+BQ62+BS62+BU62+BW62+BY62+CA62+CC62+CE62+CG62+CI62+CK62+CM62+CO62+CQ62+CS62+CU62+CW62 -> 283 | CZ62: =D62+F62+H62+J62+L62+N62+P62+R62+T62+V62+X62+Z62+AB62+AD62+AF62+AH62+AJ62+AL62+AN62+AP62+AR62+AT62+AV62+AX62+AZ62+BB62+BD62+BF62+BH62+BJ62+BL62+BN62+BP62+BR62+BT62+BV62+BX62+BZ62+CB62+CD62+CF62+CH62+CJ62+CL62+CN62+CP62+CR62+CT62+CV62+CX62 -> 228
A63: PROVANOL SR -80 10 TAB | B63: =IFERROR(VLOOKUP(A63,PRICELIST!$A$3:$D$138,4,0),"-") -> 67.82 | C63: 113 | D63: 302 | I63: 12 | J63: 17 | U63: 14 | V63: 6 | AM63: 8 | AN63: 9 | AO63: 0 | AP63: 9 | AQ63: 0 | AR63: 50 | BK63: 2 | BL63: 8 | BU63: 14 | BV63: 8 | CY63: =C63+E63+G63+I63+K63+M63+O63+Q63+S63+U63+W63+Y63+AA63+AC63+AE63+AG63+AI63+AK63+AM63+AO63+AQ63+AS63+AU63+AW63+AY63+BA63+BC63+BE63+BG63+BI63+BK63+BM63+BO63+BQ63+BS63+BU63+BW63+BY63+CA63+CC63+CE63+CG63+CI63+CK63+CM63+CO63+CQ63+CS63+CU63+CW63 -> 163 | CZ63: =D63+F63+H63+J63+L63+N63+P63+R63+T63+V63+X63+Z63+AB63+AD63+AF63+AH63+AJ63+AL63+AN63+AP63+AR63+AT63+AV63+AX63+AZ63+BB63+BD63+BF63+BH63+BJ63+BL63+BN63+BP63+BR63+BT63+BV63+BX63+BZ63+CB63+CD63+CF63+CH63+CJ63+CL63+CN63+CP63+CR63+CT63+CV63+CX63 -> 409
A64: PROVANOL-10 10 TAB (D) | B64: =IFERROR(VLOOKUP(A64,PRICELIST!$A$3:$D$138,4,0),"-") -> 9.58 | C64: 70 | D64: 251 | G64: 9 | H64: 11 | Q64: 20 | U64: 10 | W64: 0 | X64: 31 | AB64: 24 | AM64: 69 | AN64: 20 | AQ64: 0 | AR64: 3 | AU64: 0 | AV64: 10 | CC64: 10 | CY64: =C64+E64+G64+I64+K64+M64+O64+Q64+S64+U64+W64+Y64+AA64+AC64+AE64+AG64+AI64+AK64+AM64+AO64+AQ64+AS64+AU64+AW64+AY64+BA64+BC64+BE64+BG64+BI64+BK64+BM64+BO64+BQ64+BS64+BU64+BW64+BY64+CA64+CC64+CE64+CG64+CI64+CK64+CM64+CO64+CQ64+CS64+CU64+CW64 -> 188 | CZ64: =D64+F64+H64+J64+L64+N64+P64+R64+T64+V64+X64+Z64+AB64+AD64+AF64+AH64+AJ64+AL64+AN64+AP64+AR64+AT64+AV64+AX64+AZ64+BB64+BD64+BF64+BH64+BJ64+BL64+BN64+BP64+BR64+BT64+BV64+BX64+BZ64+CB64+CD64+CF64+CH64+CJ64+CL64+CN64+CP64+CR64+CT64+CV64+CX64 -> 350
A65: PROVANOL-20 10 TAB | B65: =IFERROR(VLOOKUP(A65,PRICELIST!$A$3:$D$138,4,0),"-") -> 23.41 | C65: 82 | D65: 186 | I65: 38 | J65: 35 | U65: 30 | V65: 10 | AB65: 51 | AM65: 81 | AN65: 27 | AQ65: 47 | AR65: 153 | AU65: 0 | AV65: 5 | CC65: 340 | CY65: =C65+E65+G65+I65+K65+M65+O65+Q65+S65+U65+W65+Y65+AA65+AC65+AE65+AG65+AI65+AK65+AM65+AO65+AQ65+AS65+AU65+AW65+AY65+BA65+BC65+BE65+BG65+BI65+BK65+BM65+BO65+BQ65+BS65+BU65+BW65+BY65+CA65+CC65+CE65+CG65+CI65+CK65+CM65+CO65+CQ65+CS65+CU65+CW65 -> 618 | CZ65: =D65+F65+H65+J65+L65+N65+P65+R65+T65+V65+X65+Z65+AB65+AD65+AF65+AH65+AJ65+AL65+AN65+AP65+AR65+AT65+AV65+AX65+AZ65+BB65+BD65+BF65+BH65+BJ65+BL65+BN65+BP65+BR65+BT65+BV65+BX65+BZ65+CB65+CD65+CF65+CH65+CJ65+CL65+CN65+CP65+CR65+CT65+CV65+CX65 -> 467
A66: PROVANOL-40 10 TAB (D) | B66: =IFERROR(VLOOKUP(A66,PRICELIST!$A$3:$D$138,4,0),"-") -> 23.57 | C66: 31 | D66: 776 | G66: 13 | H66: 20 | I66: 19 | J66: 15 | O66: 1 | U66: 41 | AM66: 24 | AN66: 5 | AQ66: 10 | AR66: 20 | AS66: 13 | AT66: 8 | AU66: 11 | AV66: 9 | BK66: 7 | BL66: 1 | BQ66: 7 | BR66: 3 | CC66: 60 | CY66: =C66+E66+G66+I66+K66+M66+O66+Q66+S66+U66+W66+Y66+AA66+AC66+AE66+AG66+AI66+AK66+AM66+AO66+AQ66+AS66+AU66+AW66+AY66+BA66+BC66+BE66+BG66+BI66+BK66+BM66+BO66+BQ66+BS66+BU66+BW66+BY66+CA66+CC66+CE66+CG66+CI66+CK66+CM66+CO66+CQ66+CS66+CU66+CW66 -> 237 | CZ66: =D66+F66+H66+J66+L66+N66+P66+R66+T66+V66+X66+Z66+AB66+AD66+AF66+AH66+AJ66+AL66+AN66+AP66+AR66+AT66+AV66+AX66+AZ66+BB66+BD66+BF66+BH66+BJ66+BL66+BN66+BP66+BR66+BT66+BV66+BX66+BZ66+CB66+CD66+CF66+CH66+CJ66+CL66+CN66+CP66+CR66+CT66+CV66+CX66 -> 857
A67: PROVANOL PLUS 10 10 TAB. | B67: =IFERROR(VLOOKUP(A67,PRICELIST!$A$3:$D$138,4,0),"-") -> 132.43 | C67: 407 | D67: 428 | E67: 172 | F67: 51 | G67: 30 | H67: 12 | I67: 172 | J67: 161 | M67: 60 | N67: 127 | P67: 4 | Q67: 410 | R67: 2 | S67: 8 | T67: 2 | U67: 13 | W67: 13 | X67: 0 | Y67: 120 | Z67: 88 | AA67: 73 | AB67: 17 | AC67: 13 | AD67: 7 | AF67: 30 | AI67: 45 | AJ67: 118 | AK67: 5 | AL67: 18 | AM67: 92 | AN67: 32 | AO67: 6 | AP67: 4 | AQ67: 29 | AR67: 31 | AS67: 10 | AT67: 11 | AU67: 8 | AV67: 6 | BQ67: 5 | BR67: 5 | BU67: 2 | BV67: 3 | CC67: 240 | CY67: =C67+E67+G67+I67+K67+M67+O67+Q67+S67+U67+W67+Y67+AA67+AC67+AE67+AG67+AI67+AK67+AM67+AO67+AQ67+AS67+AU67+AW67+AY67+BA67+BC67+BE67+BG67+BI67+BK67+BM67+BO67+BQ67+BS67+BU67+BW67+BY67+CA67+CC67+CE67+CG67+CI67+CK67+CM67+CO67+CQ67+CS67+CU67+CW67 -> 1933 | CZ67: =D67+F67+H67+J67+L67+N67+P67+R67+T67+V67+X67+Z67+AB67+AD67+AF67+AH67+AJ67+AL67+AN67+AP67+AR67+AT67+AV67+AX67+AZ67+BB67+BD67+BF67+BH67+BJ67+BL67+BN67+BP67+BR67+BT67+BV67+BX67+BZ67+CB67+CD67+CF67+CH67+CJ67+CL67+CN67+CP67+CR67+CT67+CV67+CX67 -> 1157
A68: PROVANOL PLUS 5 10 TAB | B68: =IFERROR(VLOOKUP(A68,PRICELIST!$A$3:$D$138,4,0),"-") -> 94.7 | C68: 408 | D68: 1200 | E68: 66 | F68: 234 | G68: 29 | H68: 33 | I68: 106 | J68: 99 | M68: 96 | N68: 128 | Q68: 60 | R68: 2 | S68: 3 | T68: 7 | U68: 31 | V68: 1 | W68: 5 | X68: 24 | AA68: 8 | AB68: 21 | AC68: 18 | AD68: 22 | AI68: 7 | AJ68: 49 | AM68: 21 | AN68: 38 | AQ68: 76 | AR68: 244 | AS68: 9 | AT68: 12 | AU68: 9 | AV68: 8 | BQ68: 4 | BR68: 6 | BS68: 5 | BT68: 5 | BU68: 8 | BV68: 3 | CA68: 6 | CB68: 4 | CC68: 160 | CY68: =C68+E68+G68+I68+K68+M68+O68+Q68+S68+U68+W68+Y68+AA68+AC68+AE68+AG68+AI68+AK68+AM68+AO68+AQ68+AS68+AU68+AW68+AY68+BA68+BC68+BE68+BG68+BI68+BK68+BM68+BO68+BQ68+BS68+BU68+BW68+BY68+CA68+CC68+CE68+CG68+CI68+CK68+CM68+CO68+CQ68+CS68+CU68+CW68 -> 1135 | CZ68: =D68+F68+H68+J68+L68+N68+P68+R68+T68+V68+X68+Z68+AB68+AD68+AF68+AH68+AJ68+AL68+AN68+AP68+AR68+AT68+AV68+AX68+AZ68+BB68+BD68+BF68+BH68+BJ68+BL68+BN68+BP68+BR68+BT68+BV68+BX68+BZ68+CB68+CD68+CF68+CH68+CJ68+CL68+CN68+CP68+CR68+CT68+CV68+CX68 -> 2140
A69: PROVANOL FORTE 0.25 10 TAB | B69: =IFERROR(VLOOKUP(A69,PRICELIST!$A$3:$D$138,4,0),"-") -> 58.82 | C69: 45 | D69: 201 | G69: 36 | H69: 29 | P69: 1 | Q69: 10 | R69: 32 | S69: 4 | T69: 0 | U69: 3 | V69: 27 | W69: 16 | X69: 21 | AE69: 3 | AI69: 3 | AJ69: 69 | AM69: 70 | AN69: 30 | AO69: 3 | AP69: 4 | AQ69: 25 | AR69: 55 | AS69: 26 | AT69: 15 | AU69: 8 | AV69: 9 | BQ69: 6 | BR69: 4 | CA69: 8 | CB69: 2 | CY69: =C69+E69+G69+I69+K69+M69+O69+Q69+S69+U69+W69+Y69+AA69+AC69+AE69+AG69+AI69+AK69+AM69+AO69+AQ69+AS69+AU69+AW69+AY69+BA69+BC69+BE69+BG69+BI69+BK69+BM69+BO69+BQ69+BS69+BU69+BW69+BY69+CA69+CC69+CE69+CG69+CI69+CK69+CM69+CO69+CQ69+CS69+CU69+CW69 -> 266 | CZ69: =D69+F69+H69+J69+L69+N69+P69+R69+T69+V69+X69+Z69+AB69+AD69+AF69+AH69+AJ69+AL69+AN69+AP69+AR69+AT69+AV69+AX69+AZ69+BB69+BD69+BF69+BH69+BJ69+BL69+BN69+BP69+BR69+BT69+BV69+BX69+BZ69+CB69+CD69+CF69+CH69+CJ69+CL69+CN69+CP69+CR69+CT69+CV69+CX69 -> 499
A70: PROVANOL FORTE 0.5 10 TAB | B70: =IFERROR(VLOOKUP(A70,PRICELIST!$A$3:$D$138,4,0),"-") -> 61.39 | C70: 42 | D70: 225 | G70: 5 | H70: 23 | R70: 27 | U70: 21 | V70: 5 | W70: 6 | X70: 24 | AF70: 6 | AI70: 5 | AJ70: 56 | AM70: 45 | AN70: 10 | AO70: 0 | AP70: 2 | AQ70: 20 | AR70: 42 | AS70: 18 | AT70: 1 | AU70: 12 | AV70: 8 | BU70: 7 | BV70: 4 | CC70: 40 | CY70: =C70+E70+G70+I70+K70+M70+O70+Q70+S70+U70+W70+Y70+AA70+AC70+AE70+AG70+AI70+AK70+AM70+AO70+AQ70+AS70+AU70+AW70+AY70+BA70+BC70+BE70+BG70+BI70+BK70+BM70+BO70+BQ70+BS70+BU70+BW70+BY70+CA70+CC70+CE70+CG70+CI70+CK70+CM70+CO70+CQ70+CS70+CU70+CW70 -> 221 | CZ70: =D70+F70+H70+J70+L70+N70+P70+R70+T70+V70+X70+Z70+AB70+AD70+AF70+AH70+AJ70+AL70+AN70+AP70+AR70+AT70+AV70+AX70+AZ70+BB70+BD70+BF70+BH70+BJ70+BL70+BN70+BP70+BR70+BT70+BV70+BX70+BZ70+CB70+CD70+CF70+CH70+CJ70+CL70+CN70+CP70+CR70+CT70+CV70+CX70 -> 433
A71: PROVANOL GROUP | C71: =SUMPRODUCT($B60:$B70,C60:C70) -> 129349.74 | D71: =SUMPRODUCT($B60:$B70,D60:D70) -> 280968.96 | E71: =SUMPRODUCT($B60:$B70,E60:E70) -> 36048.11 | F71: =SUMPRODUCT($B60:$B70,F60:F70) -> 32668.58 | G71: =SUMPRODUCT($B60:$B70,G60:G70) -> 12246.85 | H71: =SUMPRODUCT($B60:$B70,H60:H70) -> 10223.68 | I71: =SUMPRODUCT($B60:$B70,I60:I70) -> 43745.52 | J71: =SUMPRODUCT($B60:$B70,J60:J70) -> 38759.95 | ... CZ71: =SUMPRODUCT($B60:$B70,CZ60:CZ70) -> 556629.96
A72: REJUNEX OD 10 CAPS | B72: =IFERROR(VLOOKUP(A72,PRICELIST!$A$3:$D$138,4,0),"-") -> 165.86 | C72: 90 | D72: 384 | E72: 53 | F72: 21 | G72: 51 | H72: 30 | I72: 220 | J72: 139 | O72: 15 | P72: 34 | Q72: 50 | R72: 5 | S72: 16 | T72: 4 | U72: 23 | V72: 21 | W72: 5 | X72: 1 | Y72: 13 | Z72: 48 | AB72: 4 | AC72: 10 | AD72: 10 | AE72: 12 | AF72: 43 | AM72: 108 | AN72: 16 | AO72: 9 | AP72: 1 | AQ72: 32 | AR72: 48 | AS72: 23 | AT72: 18 | AU72: 5 | AV72: 5 | BC72: 8 | BD72: 20 | BE72: 6 | BF72: 4 | BH72: 1 | BN72: 4 | BQ72: 30 | BR72: 10 | BU72: 4 | BW72: 30 | BY72: -20 | CA72: 15 | CB72: 5 | CC72: 540 | CY72: =C72+E72+G72+I72+K72+M72+O72+Q72+S72+U72+W72+Y72+AA72+AC72+AE72+AG72+AI72+AK72+AM72+AO72+AQ72+AS72+AU72+AW72+AY72+BA72+BC72+BE72+BG72+BI72+BK72+BM72+BO72+BQ72+BS72+BU72+BW72+BY72+CA72+CC72+CE72+CG72+CI72+CK72+CM72+CO72+CQ72+CS72+CU72+CW72 -> 1348 | CZ72: =D72+F72+H72+J72+L72+N72+P72+R72+T72+V72+X72+Z72+AB72+AD72+AF72+AH72+AJ72+AL72+AN72+AP72+AR72+AT72+AV72+AX72+AZ72+BB72+BD72+BF72+BH72+BJ72+BL72+BN72+BP72+BR72+BT72+BV72+BX72+BZ72+CB72+CD72+CF72+CH72+CJ72+CL72+CN72+CP72+CR72+CT72+CV72+CX72 -> 876
A73: REJUNEX 10 CAP (SOFTGEL) | B73: =IFERROR(VLOOKUP(A73,PRICELIST!$A$3:$D$138,4,0),"-") -> 82.93 | C73: 18 | D73: 51 | E73: 6 | F73: 11 | G73: 19 | H73: 20 | I73: 68 | J73: 53 | Q73: 40 | R73: 0 | S73: 20 | T73: 7 | U73: 20 | V73: 27 | W73: 2 | X73: 0 | AC73: 6 | AD73: 6 | AF73: 10 | AM73: 29 | AN73: 10 | AO73: 3 | AP73: 4 | AQ73: 5 | AR73: 15 | AS73: 16 | AT73: 11 | AU73: 6 | AV73: 13 | BC73: 12 | BD73: 26 | BV73: 13 | BY73: 60 | CC73: 150 | CY73: =C73+E73+G73+I73+K73+M73+O73+Q73+S73+U73+W73+Y73+AA73+AC73+AE73+AG73+AI73+AK73+AM73+AO73+AQ73+AS73+AU73+AW73+AY73+BA73+BC73+BE73+BG73+BI73+BK73+BM73+BO73+BQ73+BS73+BU73+BW73+BY73+CA73+CC73+CE73+CG73+CI73+CK73+CM73+CO73+CQ73+CS73+CU73+CW73 -> 480 | CZ73: =D73+F73+H73+J73+L73+N73+P73+R73+T73+V73+X73+Z73+AB73+AD73+AF73+AH73+AJ73+AL73+AN73+AP73+AR73+AT73+AV73+AX73+AZ73+BB73+BD73+BF73+BH73+BJ73+BL73+BN73+BP73+BR73+BT73+BV73+BX73+BZ73+CB73+CD73+CF73+CH73+CJ73+CL73+CN73+CP73+CR73+CT73+CV73+CX73 -> 277
A74: REJUNEX FORTE INJ. 2ML | B74: =IFERROR(VLOOKUP(A74,PRICELIST!$A$3:$D$138,4,0),"-") -> 96.43 | C74: 130 | D74: 85 | I74: 23 | J74: 13 | P74: 9 | AM74: 70 | AN74: 18 | AQ74: 25 | AR74: 60 | AS74: 10 | AT74: 8 | AU74: 3 | AV74: 19 | CC74: 30 | CY74: =C74+E74+G74+I74+K74+M74+O74+Q74+S74+U74+W74+Y74+AA74+AC74+AE74+AG74+AI74+AK74+AM74+AO74+AQ74+AS74+AU74+AW74+AY74+BA74+BC74+BE74+BG74+BI74+BK74+BM74+BO74+BQ74+BS74+BU74+BW74+BY74+CA74+CC74+CE74+CG74+CI74+CK74+CM74+CO74+CQ74+CS74+CU74+CW74 -> 291 | CZ74: =D74+F74+H74+J74+L74+N74+P74+R74+T74+V74+X74+Z74+AB74+AD74+AF74+AH74+AJ74+AL74+AN74+AP74+AR74+AT74+AV74+AX74+AZ74+BB74+BD74+BF74+BH74+BJ74+BL74+BN74+BP74+BR74+BT74+BV74+BX74+BZ74+CB74+CD74+CF74+CH74+CJ74+CL74+CN74+CP74+CR74+CT74+CV74+CX74 -> 212
A75: REJUNEX INJ. 1ML | B75: =IFERROR(VLOOKUP(A75,PRICELIST!$A$3:$D$138,4,0),"-") -> 47.57 | C75: 12.5 | D75: 40 | E75: 51 | F75: 29 | G75: 37 | H75: 31 | I75: 17 | J75: 18 | O75: 12 | Q75: 10 | U75: 9 | V75: 11 | W75: 15 | Y75: 96 | Z75: 74 | AM75: 22 | AN75: 3 | AQ75: 10 | AR75: 30 | AS75: 2 | AT75: 0 | AW75: 50 | AX75: 14 | BU75: 6 | BV75: 6 | CC75: 60 | CY75: =C75+E75+G75+I75+K75+M75+O75+Q75+S75+U75+W75+Y75+AA75+AC75+AE75+AG75+AI75+AK75+AM75+AO75+AQ75+AS75+AU75+AW75+AY75+BA75+BC75+BE75+BG75+BI75+BK75+BM75+BO75+BQ75+BS75+BU75+BW75+BY75+CA75+CC75+CE75+CG75+CI75+CK75+CM75+CO75+CQ75+CS75+CU75+CW75 -> 409.5 | CZ75: =D75+F75+H75+J75+L75+N75+P75+R75+T75+V75+X75+Z75+AB75+AD75+AF75+AH75+AJ75+AL75+AN75+AP75+AR75+AT75+AV75+AX75+AZ75+BB75+BD75+BF75+BH75+BJ75+BL75+BN75+BP75+BR75+BT75+BV75+BX75+BZ75+CB75+CD75+CF75+CH75+CJ75+CL75+CN75+CP75+CR75+CT75+CV75+CX75 -> 256
A76: REJUNEX PFS 1ML(SALE) | B76: =IFERROR(VLOOKUP(A76,PRICELIST!$A$3:$D$138,4,0),"-") -> 128.57 | C76: 441 | D76: 649 | E76: 36 | F76: 12 | G76: 63 | H76: 62 | I76: 12 | J76: 10 | U76: 95 | V76: 1 | Z76: 5 | AA76: 39 | AB76: 34 | AE76: 3 | AF76: 34 | AQ76: 0 | AR76: 30 | CC76: 50 | CY76: =C76+E76+G76+I76+K76+M76+O76+Q76+S76+U76+W76+Y76+AA76+AC76+AE76+AG76+AI76+AK76+AM76+AO76+AQ76+AS76+AU76+AW76+AY76+BA76+BC76+BE76+BG76+BI76+BK76+BM76+BO76+BQ76+BS76+BU76+BW76+BY76+CA76+CC76+CE76+CG76+CI76+CK76+CM76+CO76+CQ76+CS76+CU76+CW76 -> 739 | CZ76: =D76+F76+H76+J76+L76+N76+P76+R76+T76+V76+X76+Z76+AB76+AD76+AF76+AH76+AJ76+AL76+AN76+AP76+AR76+AT76+AV76+AX76+AZ76+BB76+BD76+BF76+BH76+BJ76+BL76+BN76+BP76+BR76+BT76+BV76+BX76+BZ76+CB76+CD76+CF76+CH76+CJ76+CL76+CN76+CP76+CR76+CT76+CV76+CX76 -> 837
A77: REJUNEX PLUS NF (10C) | B77: =IFERROR(VLOOKUP(A77,PRICELIST!$A$3:$D$138,4,0),"-") -> 130.5 | C77: 13 | D77: 220 | E77: 16 | F77: 17 | G77: 8 | H77: 9 | I77: 56 | J77: 55 | O77: 6 | P77: 4 | W77: 3 | X77: 11 | AE77: 10 | AF77: 10 | AM77: 22 | AN77: 8 | AO77: 9 | AP77: 0 | AQ77: 0 | AR77: 40 | AS77: 14 | AT77: 9 | AU77: 12 | AV77: 1 | BI77: 3 | BJ77: 13 | BU77: 1 | BV77: 1 | BY77: -195 | CC77: 60 | CY77: =C77+E77+G77+I77+K77+M77+O77+Q77+S77+U77+W77+Y77+AA77+AC77+AE77+AG77+AI77+AK77+AM77+AO77+AQ77+AS77+AU77+AW77+AY77+BA77+BC77+BE77+BG77+BI77+BK77+BM77+BO77+BQ77+BS77+BU77+BW77+BY77+CA77+CC77+CE77+CG77+CI77+CK77+CM77+CO77+CQ77+CS77+CU77+CW77 -> 38 | CZ77: =D77+F77+H77+J77+L77+N77+P77+R77+T77+V77+X77+Z77+AB77+AD77+AF77+AH77+AJ77+AL77+AN77+AP77+AR77+AT77+AV77+AX77+AZ77+BB77+BD77+BF77+BH77+BJ77+BL77+BN77+BP77+BR77+BT77+BV77+BX77+BZ77+CB77+CD77+CF77+CH77+CJ77+CL77+CN77+CP77+CR77+CT77+CV77+CX77 -> 398
A78: REJUNEX B (10C) | B78: =IFERROR(VLOOKUP(A78,PRICELIST!$A$3:$D$138,4,0),"-") -> 146.89 | C78: 478 | D78: 991 | E78: -15 | F78: 81 | G78: 40 | H78: 15 | I78: 106 | J78: 82 | N78: 26 | W78: 22 | X78: 18 | Y78: 6 | Z78: 20 | AA78: 53 | AB78: 5 | AE78: 14 | AF78: 23 | AK78: 0 | AL78: 30 | AM78: 59 | AN78: 17 | AQ78: 11 | AR78: 89 | AS78: 29 | AT78: 17 | AU78: 23 | AV78: 8 | AW78: 5 | AX78: 5 | BQ78: 35 | BR78: 15 | CC78: 200 | CY78: =C78+E78+G78+I78+K78+M78+O78+Q78+S78+U78+W78+Y78+AA78+AC78+AE78+AG78+AI78+AK78+AM78+AO78+AQ78+AS78+AU78+AW78+AY78+BA78+BC78+BE78+BG78+BI78+BK78+BM78+BO78+BQ78+BS78+BU78+BW78+BY78+CA78+CC78+CE78+CG78+CI78+CK78+CM78+CO78+CQ78+CS78+CU78+CW78 -> 1066 | CZ78: =D78+F78+H78+J78+L78+N78+P78+R78+T78+V78+X78+Z78+AB78+AD78+AF78+AH78+AJ78+AL78+AN78+AP78+AR78+AT78+AV78+AX78+AZ78+BB78+BD78+BF78+BH78+BJ78+BL78+BN78+BP78+BR78+BT78+BV78+BX78+BZ78+CB78+CD78+CF78+CH78+CJ78+CL78+CN78+CP78+CR78+CT78+CV78+CX78 -> 1442
A79: REJUNEX GROUP | C79: =SUMPRODUCT($B72:$B78,C72:C78) -> 158159.96 | D79: =SUMPRODUCT($B72:$B78,D72:D78) -> 335738.94 | E79: =SUMPRODUCT($B72:$B78,E72:E78) -> 16227.4 | F79: =SUMPRODUCT($B72:$B78,F72:F78) -> 21434.25 | G79: =SUMPRODUCT($B72:$B78,G72:G78) -> 26814.13 | H79: =SUMPRODUCT($B72:$B78,H72:H78) -> 19458.26 | I79: =SUMPRODUCT($B72:$B78,I72:I78) -> 69576.2 | J79: =SUMPRODUCT($B72:$B78,J72:J78) -> 50067.86 | ... CZ79: =SUMPRODUCT($B72:$B78,CZ72:CZ78) -> 572253.52
A80: SUNAPRO (2T) | B80: =IFERROR(VLOOKUP(A80,PRICELIST!$A$3:$D$138,4,0),"-") -> 78.75 | C80: 54 | D80: 215 | E80: 27 | F80: 18 | G80: 48 | H80: 37 | I80: 31 | J80: 32 | M80: 42 | N80: 51 | W80: 10 | X80: 10 | AM80: 67 | AN80: 25 | AS80: 2 | AT80: 2 | AW80: 15 | AX80: 5 | BQ80: 5 | BR80: 5 | CC80: 80 | CY80: =C80+E80+G80+I80+K80+M80+O80+Q80+S80+U80+W80+Y80+AA80+AC80+AE80+AG80+AI80+AK80+AM80+AO80+AQ80+AS80+AU80+AW80+AY80+BA80+BC80+BE80+BG80+BI80+BK80+BM80+BO80+BQ80+BS80+BU80+BW80+BY80+CA80+CC80+CE80+CG80+CI80+CK80+CM80+CO80+CQ80+CS80+CU80+CW80 -> 381 | CZ80: =D80+F80+H80+J80+L80+N80+P80+R80+T80+V80+X80+Z80+AB80+AD80+AF80+AH80+AJ80+AL80+AN80+AP80+AR80+AT80+AV80+AX80+AZ80+BB80+BD80+BF80+BH80+BJ80+BL80+BN80+BP80+BR80+BT80+BV80+BX80+BZ80+CB80+CD80+CF80+CH80+CJ80+CL80+CN80+CP80+CR80+CT80+CV80+CX80 -> 400
A81: SUNAPRO | C81: =SUMPRODUCT($B80*C80) -> 4252.5 | D81: =SUMPRODUCT($B80*D80) -> 16931.25 | E81: =SUMPRODUCT($B80*E80) -> 2126.25 | F81: =SUMPRODUCT($B80*F80) -> 1417.5 | G81: =SUMPRODUCT($B80*G80) -> 3780 | H81: =SUMPRODUCT($B80*H80) -> 2913.75 | I81: =SUMPRODUCT($B80*I80) -> 2441.25 | J81: =SUMPRODUCT($B80*J80) -> 2520 | ... CZ81: =SUMPRODUCT($B80*CZ80) -> 31500
A82: VENTAB DXT 100 10 TAB | B82: =IFERROR(VLOOKUP(A82,PRICELIST!$A$3:$D$138,4,0),"-") -> 276.11 | C82: 56 | D82: 276 | E82: 10 | F82: 12 | G82: 16 | H82: 13 | I82: 27 | J82: 27 | T82: 5 | U82: 8 | V82: 13 | W82: 4 | X82: 16 | AF82: 36 | AM82: 20 | AN82: 10 | AO82: 5 | AP82: 3 | AQ82: 11 | AR82: 50 | AS82: 12 | AT82: 12 | AU82: 13 | AV82: 15 | AW82: 7 | AX82: 3 | BE82: 5 | BF82: 5 | BU82: 20 | BV82: 15 | CC82: 70 | CY82: =C82+E82+G82+I82+K82+M82+O82+Q82+S82+U82+W82+Y82+AA82+AC82+AE82+AG82+AI82+AK82+AM82+AO82+AQ82+AS82+AU82+AW82+AY82+BA82+BC82+BE82+BG82+BI82+BK82+BM82+BO82+BQ82+BS82+BU82+BW82+BY82+CA82+CC82+CE82+CG82+CI82+CK82+CM82+CO82+CQ82+CS82+CU82+CW82 -> 284 | CZ82: =D82+F82+H82+J82+L82+N82+P82+R82+T82+V82+X82+Z82+AB82+AD82+AF82+AH82+AJ82+AL82+AN82+AP82+AR82+AT82+AV82+AX82+AZ82+BB82+BD82+BF82+BH82+BJ82+BL82+BN82+BP82+BR82+BT82+BV82+BX82+BZ82+CB82+CD82+CF82+CH82+CJ82+CL82+CN82+CP82+CR82+CT82+CV82+CX82 -> 511
A83: VENTAB DXT 25 10 TAB | B83: =IFERROR(VLOOKUP(A83,PRICELIST!$A$3:$D$138,4,0),"-") -> 75.54 | C83: 335 | D83: 694 | E83: 48 | F83: 23 | G83: 45 | H83: 47 | I83: 83 | J83: 65 | P83: 3 | S83: 10 | T83: 10 | U83: 35 | V83: 7 | W83: 6 | X83: 2 | AE83: 42 | AF83: 7 | AM83: 131 | AN83: 59 | AO83: 5 | AP83: 5 | AQ83: 26 | AR83: 84 | AS83: 32 | AT83: 20 | AU83: 28 | AV83: 6 | AW83: 14 | AX83: 6 | BC83: 8 | BD83: 12 | BE83: 15 | BF83: 5 | BQ83: 30 | BR83: 10 | BU83: 7 | BV83: 14 | CA83: 8 | CB83: 2 | CC83: 180 | CY83: =C83+E83+G83+I83+K83+M83+O83+Q83+S83+U83+W83+Y83+AA83+AC83+AE83+AG83+AI83+AK83+AM83+AO83+AQ83+AS83+AU83+AW83+AY83+BA83+BC83+BE83+BG83+BI83+BK83+BM83+BO83+BQ83+BS83+BU83+BW83+BY83+CA83+CC83+CE83+CG83+CI83+CK83+CM83+CO83+CQ83+CS83+CU83+CW83 -> 1088 | CZ83: =D83+F83+H83+J83+L83+N83+P83+R83+T83+V83+X83+Z83+AB83+AD83+AF83+AH83+AJ83+AL83+AN83+AP83+AR83+AT83+AV83+AX83+AZ83+BB83+BD83+BF83+BH83+BJ83+BL83+BN83+BP83+BR83+BT83+BV83+BX83+BZ83+CB83+CD83+CF83+CH83+CJ83+CL83+CN83+CP83+CR83+CT83+CV83+CX83 -> 1081
A84: VENTAB DXT 50 10 TAB | B84: =IFERROR(VLOOKUP(A84,PRICELIST!$A$3:$D$138,4,0),"-") -> 145.93 | C84: 151 | D84: 302 | E84: 43 | F84: 21 | G84: 20 | H84: 22 | I84: 66 | J84: 57 | O84: 9 | P84: 8 | Q84: 10 | R84: 3 | S84: 30 | U84: 44 | V84: 6 | W84: 14 | X84: 40 | Y84: 20 | Z84: 33 | AE84: 5 | AF84: 28 | AM84: 130 | AN84: 35 | AO84: 3 | AP84: 0 | AQ84: 21 | AR84: 20 | AS84: 23 | AT84: 21 | AU84: 10 | AV84: 10 | AW84: 13 | AX84: 7 | AY84: 7 | AZ84: 3 | BC84: 16 | BD84: 8 | BE84: 6 | BF84: 4 | BU84: 24 | BV84: 3 | CA84: 7 | CB84: 3 | CC84: 140 | CY84: =C84+E84+G84+I84+K84+M84+O84+Q84+S84+U84+W84+Y84+AA84+AC84+AE84+AG84+AI84+AK84+AM84+AO84+AQ84+AS84+AU84+AW84+AY84+BA84+BC84+BE84+BG84+BI84+BK84+BM84+BO84+BQ84+BS84+BU84+BW84+BY84+CA84+CC84+CE84+CG84+CI84+CK84+CM84+CO84+CQ84+CS84+CU84+CW84 -> 812 | CZ84: =D84+F84+H84+J84+L84+N84+P84+R84+T84+V84+X84+Z84+AB84+AD84+AF84+AH84+AJ84+AL84+AN84+AP84+AR84+AT84+AV84+AX84+AZ84+BB84+BD84+BF84+BH84+BJ84+BL84+BN84+BP84+BR84+BT84+BV84+BX84+BZ84+CB84+CD84+CF84+CH84+CJ84+CL84+CN84+CP84+CR84+CT84+CV84+CX84 -> 634
A85: VENTAB PLUS (10T) | B85: =IFERROR(VLOOKUP(A85,PRICELIST!$A$3:$D$138,4,0),"-") -> 149.79 | C85: 70 | D85: 82 | G85: 16 | H85: 9 | I85: 16 | J85: 27 | N85: 24 | AE85: 6 | AF85: 10 | AM85: 64 | AN85: 0 | AO85: 2 | AP85: 0 | AQ85: 32 | AR85: 50 | AS85: 10 | AT85: 15 | AU85: 5 | AV85: 15 | CC85: 90 | CY85: =C85+E85+G85+I85+K85+M85+O85+Q85+S85+U85+W85+Y85+AA85+AC85+AE85+AG85+AI85+AK85+AM85+AO85+AQ85+AS85+AU85+AW85+AY85+BA85+BC85+BE85+BG85+BI85+BK85+BM85+BO85+BQ85+BS85+BU85+BW85+BY85+CA85+CC85+CE85+CG85+CI85+CK85+CM85+CO85+CQ85+CS85+CU85+CW85 -> 311 | CZ85: =D85+F85+H85+J85+L85+N85+P85+R85+T85+V85+X85+Z85+AB85+AD85+AF85+AH85+AJ85+AL85+AN85+AP85+AR85+AT85+AV85+AX85+AZ85+BB85+BD85+BF85+BH85+BJ85+BL85+BN85+BP85+BR85+BT85+BV85+BX85+BZ85+CB85+CD85+CF85+CH85+CJ85+CL85+CN85+CP85+CR85+CT85+CV85+CX85 -> 232
A86: VENTAB PLUS 100 10T SALE | B86: =IFERROR(VLOOKUP(A86,PRICELIST!$A$3:$D$138,4,0),"-") -> 192.86 | C86: 44 | D86: 139 | U86: 12 | V86: 11 | AE86: 10 | AF86: 20 | AQ86: 7 | AR86: 0 | AU86: 0 | AV86: 18 | CC86: 10 | CY86: =C86+E86+G86+I86+K86+M86+O86+Q86+S86+U86+W86+Y86+AA86+AC86+AE86+AG86+AI86+AK86+AM86+AO86+AQ86+AS86+AU86+AW86+AY86+BA86+BC86+BE86+BG86+BI86+BK86+BM86+BO86+BQ86+BS86+BU86+BW86+BY86+CA86+CC86+CE86+CG86+CI86+CK86+CM86+CO86+CQ86+CS86+CU86+CW86 -> 83 | CZ86: =D86+F86+H86+J86+L86+N86+P86+R86+T86+V86+X86+Z86+AB86+AD86+AF86+AH86+AJ86+AL86+AN86+AP86+AR86+AT86+AV86+AX86+AZ86+BB86+BD86+BF86+BH86+BJ86+BL86+BN86+BP86+BR86+BT86+BV86+BX86+BZ86+CB86+CD86+CF86+CH86+CJ86+CL86+CN86+CP86+CR86+CT86+CV86+CX86 -> 188
A87: VENTAB LS (10T) | B87: =IFERROR(VLOOKUP(A87,PRICELIST!$A$3:$D$138,4,0),"-") -> 104.79 | D87: 41 | AF87: 6 | CY87: =C87+E87+G87+I87+K87+M87+O87+Q87+S87+U87+W87+Y87+AA87+AC87+AE87+AG87+AI87+AK87+AM87+AO87+AQ87+AS87+AU87+AW87+AY87+BA87+BC87+BE87+BG87+BI87+BK87+BM87+BO87+BQ87+BS87+BU87+BW87+BY87+CA87+CC87+CE87+CG87+CI87+CK87+CM87+CO87+CQ87+CS87+CU87+CW87 -> 0 | CZ87: =D87+F87+H87+J87+L87+N87+P87+R87+T87+V87+X87+Z87+AB87+AD87+AF87+AH87+AJ87+AL87+AN87+AP87+AR87+AT87+AV87+AX87+AZ87+BB87+BD87+BF87+BH87+BJ87+BL87+BN87+BP87+BR87+BT87+BV87+BX87+BZ87+CB87+CD87+CF87+CH87+CJ87+CL87+CN87+CP87+CR87+CT87+CV87+CX87 -> 47
A88: VENTAB DXT GROUP | C88: =SUMPRODUCT($B82:$B87,C82:C87) -> 81774.63 | D88: =SUMPRODUCT($B82:$B87,D82:D87) -> 216088.69 | E88: =SUMPRODUCT($B82:$B87,E82:E87) -> 12662.01 | F88: =SUMPRODUCT($B82:$B87,F82:F87) -> 8115.27 | G88: =SUMPRODUCT($B82:$B87,G82:G87) -> 13132.3 | H88: =SUMPRODUCT($B82:$B87,H82:H87) -> 11698.38 | I88: =SUMPRODUCT($B82:$B87,I82:I87) -> 25752.81 | J88: =SUMPRODUCT($B82:$B87,J82:J87) -> 24727.41 | ... CZ88: =SUMPRODUCT($B82:$B87,CZ82:CZ87) -> 391204.66
A89: VENTAB XL 150 10 TAB | B89: =IFERROR(VLOOKUP(A89,PRICELIST!$A$3:$D$138,4,0),"-") -> 172.53 | D89: 82 | I89: 7 | J89: 8 | AM89: 3 | AN89: 3 | AQ89: 3 | AR89: 3 | AS89: 0 | AT89: 8 | CY89: =C89+E89+G89+I89+K89+M89+O89+Q89+S89+U89+W89+Y89+AA89+AC89+AE89+AG89+AI89+AK89+AM89+AO89+AQ89+AS89+AU89+AW89+AY89+BA89+BC89+BE89+BG89+BI89+BK89+BM89+BO89+BQ89+BS89+BU89+BW89+BY89+CA89+CC89+CE89+CG89+CI89+CK89+CM89+CO89+CQ89+CS89+CU89+CW89 -> 13 | CZ89: =D89+F89+H89+J89+L89+N89+P89+R89+T89+V89+X89+Z89+AB89+AD89+AF89+AH89+AJ89+AL89+AN89+AP89+AR89+AT89+AV89+AX89+AZ89+BB89+BD89+BF89+BH89+BJ89+BL89+BN89+BP89+BR89+BT89+BV89+BX89+BZ89+CB89+CD89+CF89+CH89+CJ89+CL89+CN89+CP89+CR89+CT89+CV89+CX89 -> 104
A90: VENTAB XL 37.5 10 TAB | B90: =IFERROR(VLOOKUP(A90,PRICELIST!$A$3:$D$138,4,0),"-") -> 50.46 | C90: 13 | D90: 94 | G90: 9 | H90: 18 | I90: 16 | J90: 19 | R90: 3 | AF90: 6 | AM90: 25 | AN90: 6 | AQ90: 21 | AR90: 29 | AS90: 10 | AT90: 4 | BU90: 7 | BV90: 7 | CC90: 60 | CY90: =C90+E90+G90+I90+K90+M90+O90+Q90+S90+U90+W90+Y90+AA90+AC90+AE90+AG90+AI90+AK90+AM90+AO90+AQ90+AS90+AU90+AW90+AY90+BA90+BC90+BE90+BG90+BI90+BK90+BM90+BO90+BQ90+BS90+BU90+BW90+BY90+CA90+CC90+CE90+CG90+CI90+CK90+CM90+CO90+CQ90+CS90+CU90+CW90 -> 161 | CZ90: =D90+F90+H90+J90+L90+N90+P90+R90+T90+V90+X90+Z90+AB90+AD90+AF90+AH90+AJ90+AL90+AN90+AP90+AR90+AT90+AV90+AX90+AZ90+BB90+BD90+BF90+BH90+BJ90+BL90+BN90+BP90+BR90+BT90+BV90+BX90+BZ90+CB90+CD90+CF90+CH90+CJ90+CL90+CN90+CP90+CR90+CT90+CV90+CX90 -> 186
A91: VENTAB XL 75 10 TAB | B91: =IFERROR(VLOOKUP(A91,PRICELIST!$A$3:$D$138,4,0),"-") -> 99.64 | C91: 15 | D91: 5 | E91: 1 | F91: 29 | G91: 27 | H91: 32 | I91: 15 | J91: 10 | X91: 1 | AM91: 20 | AN91: 0 | AQ91: 7 | AR91: 33 | AS91: 12 | AT91: 8 | BU91: 2 | BV91: 1 | CC91: 40 | CY91: =C91+E91+G91+I91+K91+M91+O91+Q91+S91+U91+W91+Y91+AA91+AC91+AE91+AG91+AI91+AK91+AM91+AO91+AQ91+AS91+AU91+AW91+AY91+BA91+BC91+BE91+BG91+BI91+BK91+BM91+BO91+BQ91+BS91+BU91+BW91+BY91+CA91+CC91+CE91+CG91+CI91+CK91+CM91+CO91+CQ91+CS91+CU91+CW91 -> 139 | CZ91: =D91+F91+H91+J91+L91+N91+P91+R91+T91+V91+X91+Z91+AB91+AD91+AF91+AH91+AJ91+AL91+AN91+AP91+AR91+AT91+AV91+AX91+AZ91+BB91+BD91+BF91+BH91+BJ91+BL91+BN91+BP91+BR91+BT91+BV91+BX91+BZ91+CB91+CD91+CF91+CH91+CJ91+CL91+CN91+CP91+CR91+CT91+CV91+CX91 -> 119
A92: VENTAB XL | C92: =SUMPRODUCT($B89:$B91,C89:C91) -> 2150.58 | D92: =SUMPRODUCT($B89:$B91,D89:D91) -> 19388.9 | E92: =SUMPRODUCT($B89:$B91,E89:E91) -> 99.64 | F92: =SUMPRODUCT($B89:$B91,F89:F91) -> 2889.56 | G92: =SUMPRODUCT($B89:$B91,G89:G91) -> 3144.42 | H92: =SUMPRODUCT($B89:$B91,H89:H91) -> 4096.76 | I92: =SUMPRODUCT($B89:$B91,I89:I91) -> 3509.67 | J92: =SUMPRODUCT($B89:$B91,J89:J91) -> 3335.38 | ... CZ92: =SUMPRODUCT($B89:$B91,CZ89:CZ91) -> 39185.84
A93: VILAZINE 20 10 TABLETS | B93: =IFERROR(VLOOKUP(A93,PRICELIST!$A$3:$D$138,4,0),"-") -> 140.14 | C93: 66 | D93: 172 | G93: 0 | H93: 10 | J93: 21 | X93: 10 | AS93: 0 | AT93: 6 | BU93: 7 | BV93: 10 | CC93: 40 | CY93: =C93+E93+G93+I93+K93+M93+O93+Q93+S93+U93+W93+Y93+AA93+AC93+AE93+AG93+AI93+AK93+AM93+AO93+AQ93+AS93+AU93+AW93+AY93+BA93+BC93+BE93+BG93+BI93+BK93+BM93+BO93+BQ93+BS93+BU93+BW93+BY93+CA93+CC93+CE93+CG93+CI93+CK93+CM93+CO93+CQ93+CS93+CU93+CW93 -> 113 | CZ93: =D93+F93+H93+J93+L93+N93+P93+R93+T93+V93+X93+Z93+AB93+AD93+AF93+AH93+AJ93+AL93+AN93+AP93+AR93+AT93+AV93+AX93+AZ93+BB93+BD93+BF93+BH93+BJ93+BL93+BN93+BP93+BR93+BT93+BV93+BX93+BZ93+CB93+CD93+CF93+CH93+CJ93+CL93+CN93+CP93+CR93+CT93+CV93+CX93 -> 229
A94: VILAZINE 40 10 TABLETS | B94: =IFERROR(VLOOKUP(A94,PRICELIST!$A$3:$D$138,4,0),"-") -> 203.14 | C94: 10 | D94: 35 | I94: 9 | J94: 11 | AS94: 0 | AT94: 10 | BU94: 10 | BV94: 10 | CY94: =C94+E94+G94+I94+K94+M94+O94+Q94+S94+U94+W94+Y94+AA94+AC94+AE94+AG94+AI94+AK94+AM94+AO94+AQ94+AS94+AU94+AW94+AY94+BA94+BC94+BE94+BG94+BI94+BK94+BM94+BO94+BQ94+BS94+BU94+BW94+BY94+CA94+CC94+CE94+CG94+CI94+CK94+CM94+CO94+CQ94+CS94+CU94+CW94 -> 29 | CZ94: =D94+F94+H94+J94+L94+N94+P94+R94+T94+V94+X94+Z94+AB94+AD94+AF94+AH94+AJ94+AL94+AN94+AP94+AR94+AT94+AV94+AX94+AZ94+BB94+BD94+BF94+BH94+BJ94+BL94+BN94+BP94+BR94+BT94+BV94+BX94+BZ94+CB94+CD94+CF94+CH94+CJ94+CL94+CN94+CP94+CR94+CT94+CV94+CX94 -> 66
A95: VILAZINE | C95: =SUMPRODUCT($B93:$B94,C93:C94) -> 11280.64 | D95: =SUMPRODUCT($B93:$B94,D93:D94) -> 31213.98 | E95: =SUMPRODUCT($B93:$B94,E93:E94) -> 0 | F95: =SUMPRODUCT($B93:$B94,F93:F94) -> 0 | G95: =SUMPRODUCT($B93:$B94,G93:G94) -> 0 | H95: =SUMPRODUCT($B93:$B94,H93:H94) -> 1401.4 | I95: =SUMPRODUCT($B93:$B94,I93:I94) -> 1828.26 | J95: =SUMPRODUCT($B93:$B94,J93:J94) -> 5177.48 | ... CZ95: =SUMPRODUCT($B93:$B94,CZ93:CZ94) -> 45499.3
A96: ZAPTRA 12.5 15 TAB | B96: =IFERROR(VLOOKUP(A96,PRICELIST!$A$3:$D$138,4,0),"-") -> 201.54 | C96: 116 | D96: 255 | E96: 5 | F96: 27 | G96: 8 | H96: 13 | I96: 20 | J96: 25 | R96: 5 | S96: 10 | U96: 22 | V96: 9 | W96: 2 | X96: 17 | AA96: 7 | AB96: 12 | AE96: 4 | AF96: 12 | AM96: 43 | AN96: 11 | AO96: 5 | AP96: 0 | AQ96: 28 | AR96: 2 | AS96: 13 | AT96: 8 | AU96: 15 | AV96: 15 | BC96: 10 | BD96: 10 | BU96: 18 | BV96: 18 | BY96: 100 | CC96: 120 | CY96: =C96+E96+G96+I96+K96+M96+O96+Q96+S96+U96+W96+Y96+AA96+AC96+AE96+AG96+AI96+AK96+AM96+AO96+AQ96+AS96+AU96+AW96+AY96+BA96+BC96+BE96+BG96+BI96+BK96+BM96+BO96+BQ96+BS96+BU96+BW96+BY96+CA96+CC96+CE96+CG96+CI96+CK96+CM96+CO96+CQ96+CS96+CU96+CW96 -> 546 | CZ96: =D96+F96+H96+J96+L96+N96+P96+R96+T96+V96+X96+Z96+AB96+AD96+AF96+AH96+AJ96+AL96+AN96+AP96+AR96+AT96+AV96+AX96+AZ96+BB96+BD96+BF96+BH96+BJ96+BL96+BN96+BP96+BR96+BT96+BV96+BX96+BZ96+CB96+CD96+CF96+CH96+CJ96+CL96+CN96+CP96+CR96+CT96+CV96+CX96 -> 439
A97: ZAPTRA 25 15 TAB | B97: =IFERROR(VLOOKUP(A97,PRICELIST!$A$3:$D$138,4,0),"-") -> 225.64 | C97: 44 | D97: 240 | E97: 5 | F97: 2 | G97: 3 | I97: 23 | J97: 13 | S97: 16 | U97: 2 | V97: 2 | AC97: 5 | AD97: 5 | AF97: 26 | AM97: 16 | AN97: 7 | AO97: 4 | AP97: 0 | AQ97: 4 | AR97: 10 | AS97: 6 | AT97: 9 | AU97: 2 | AV97: 18 | BK97: 1 | BL97: 10 | BU97: 3 | BV97: 9 | BY97: 100 | CC97: 80 | CY97: =C97+E97+G97+I97+K97+M97+O97+Q97+S97+U97+W97+Y97+AA97+AC97+AE97+AG97+AI97+AK97+AM97+AO97+AQ97+AS97+AU97+AW97+AY97+BA97+BC97+BE97+BG97+BI97+BK97+BM97+BO97+BQ97+BS97+BU97+BW97+BY97+CA97+CC97+CE97+CG97+CI97+CK97+CM97+CO97+CQ97+CS97+CU97+CW97 -> 314 | CZ97: =D97+F97+H97+J97+L97+N97+P97+R97+T97+V97+X97+Z97+AB97+AD97+AF97+AH97+AJ97+AL97+AN97+AP97+AR97+AT97+AV97+AX97+AZ97+BB97+BD97+BF97+BH97+BJ97+BL97+BN97+BP97+BR97+BT97+BV97+BX97+BZ97+CB97+CD97+CF97+CH97+CJ97+CL97+CN97+CP97+CR97+CT97+CV97+CX97 -> 351
A98: ZAPTRA LS 12.5 15 CAP | B98: =IFERROR(VLOOKUP(A98,PRICELIST!$A$3:$D$138,4,0),"-") -> 198.64 | C98: 131 | D98: 172 | E98: 2 | F98: 18 | G98: 9 | H98: 7 | I98: 8 | J98: 13 | U98: 18 | V98: 12 | W98: 1 | X98: 16 | AB98: 34 | AC98: 2 | AD98: 7 | AF98: 11 | AM98: 10 | AN98: 13 | AO98: 2 | AP98: 3 | AQ98: 10 | AR98: 20 | AS98: 2 | AT98: 4 | AU98: 10 | AV98: 8 | BG98: 13 | BH98: 4 | CC98: 40 | CY98: =C98+E98+G98+I98+K98+M98+O98+Q98+S98+U98+W98+Y98+AA98+AC98+AE98+AG98+AI98+AK98+AM98+AO98+AQ98+AS98+AU98+AW98+AY98+BA98+BC98+BE98+BG98+BI98+BK98+BM98+BO98+BQ98+BS98+BU98+BW98+BY98+CA98+CC98+CE98+CG98+CI98+CK98+CM98+CO98+CQ98+CS98+CU98+CW98 -> 258 | CZ98: =D98+F98+H98+J98+L98+N98+P98+R98+T98+V98+X98+Z98+AB98+AD98+AF98+AH98+AJ98+AL98+AN98+AP98+AR98+AT98+AV98+AX98+AZ98+BB98+BD98+BF98+BH98+BJ98+BL98+BN98+BP98+BR98+BT98+BV98+BX98+BZ98+CB98+CD98+CF98+CH98+CJ98+CL98+CN98+CP98+CR98+CT98+CV98+CX98 -> 342
A99: ZAPTRA | C99: =SUMPRODUCT($B96:$B98,C96:C98) -> 59328.64 | D99: =SUMPRODUCT($B96:$B98,D96:D98) -> 139712.38 | E99: =SUMPRODUCT($B96:$B98,E96:E98) -> 2533.18 | F99: =SUMPRODUCT($B96:$B98,F96:F98) -> 9468.38 | G99: =SUMPRODUCT($B96:$B98,G96:G98) -> 4077 | H99: =SUMPRODUCT($B96:$B98,H96:H98) -> 4010.5 | I99: =SUMPRODUCT($B96:$B98,I96:I98) -> 10809.64 | J99: =SUMPRODUCT($B96:$B98,J96:J98) -> 10554.14 | ... AQ99: =SUMPRODUCT($B96:$B98,AQ96:AQ98) -> 8532.08 | AS99: =SUMPRODUCT($B96:$B98,AS96:AS98) -> 4371.14 | AT99: =SUMPRODUCT($B96:$B98,AT96:AT98) -> 4437.64 | AU99: =SUMPRODUCT($B96:$B98,AU96:AU98) -> 5460.78 | AV99: =SUMPRODUCT($B96:$B98,AV96:AV98) -> 8673.74 | AW99: =SUMPRODUCT($B96:$B98,AW96:AW98) -> 0 | AX99: =SUMPRODUCT($B96:$B98,AX96:AX98) -> 0 | AY99: =SUMPRODUCT($B96:$B98,AY96:AY98) -> 0 | AZ99: =SUMPRODUCT($B96:$B98,AZ96:AZ98) -> 0 | ... CZ99: =SUMPRODUCT($B96:$B98,CZ96:CZ98) -> 235610.58
A100: ETILAAM 0.25 15TAB | B100: =IFERROR(VLOOKUP(A100,PRICELIST!$A$3:$D$138,4,0),"-") -> 52.46 | C100: 174 | D100: 144 | E100: 60 | F100: 50 | G100: 20 | H100: 15 | I100: 48 | J100: 37 | O100: 46 | P100: 36 | R100: 50 | S100: 10 | U100: 39 | V100: 17 | W100: 28 | X100: 32 | Y100: 100 | Z100: 50 | AC100: 2 | AD100: 15 | AF100: 70 | AI100: 59 | AJ100: 64 | AM100: 183 | AN100: 14 | AO100: 9 | AP100: 6 | AQ100: 12 | AR100: 8 | AS100: 32 | AT100: 26 | AU100: 10 | AV100: 20 | BC100: 10 | BH100: 11 | BI100: 18 | BJ100: 8 | BL100: 18 | BS100: 6 | BT100: 4 | BU100: 18 | BV100: 7 | CA100: 7 | CB100: 3 | CC100: 220 | CY100: =C100+E100+G100+I100+K100+M100+O100+Q100+S100+U100+W100+Y100+AA100+AC100+AE100+AG100+AI100+AK100+AM100+AO100+AQ100+AS100+AU100+AW100+AY100+BA100+BC100+BE100+BG100+BI100+BK100+BM100+BO100+BQ100+BS100+BU100+BW100+BY100+CA100+CC100+CE100+CG100+CI100+CK100+CM100+CO100+CQ100+CS100+CU100+CW100 -> 1111 | CZ100: =D100+F100+H100+J100+L100+N100+P100+R100+T100+V100+X100+Z100+AB100+AD100+AF100+AH100+AJ100+AL100+AN100+AP100+AR100+AT100+AV100+AX100+AZ100+BB100+BD100+BF100+BH100+BJ100+BL100+BN100+BP100+BR100+BT100+BV100+BX100+BZ100+CB100+CD100+CF100+CH100+CJ100+CL100+CN100+CP100+CR100+CT100+CV100+CX100 -> 705
...

Sheet MAY
A1: BRANDS | C1: =APRIL!C1 -> VASU PHARMA DRUGS PVT LTD | E1: =APRIL!E1 -> PRAKASH PHARMA DISTRIBUTORS | G1: =APRIL!G1 -> Divya Pharma | I1: =APRIL!I1 -> KEIMED PRIVATE LIMITED | K1: =APRIL!K1 -> SAI SRIDHAR PHARMA PVT LTD | M1: =APRIL!M1 -> SRI VENKATARAGHAVA AGENCIES | O1: =APRIL!O1 -> SHREEJI DIST PVT LTD | Q1: =APRIL!Q1 -> SVS PHARMA | S1: =APRIL!S1 -> PHARMA DISTRIBUTORS | U1: =APRIL!U1 -> SAI PHARMA DISTRIBUTERS PVT LTD | W1: =APRIL!W1 -> ALANKRITA AGENCIES | Y1: =APRIL!Y1 -> JAYA SURG & PHARMA PVT LTD | AA1: =APRIL!AA1 -> MANASA MEDICAL AGENCIES | AC1: =APRIL!AC1 -> KARTHICK AGENCIES | AE1: =APRIL!AE1 -> NIRMALA AGENCIES | AG1: =APRIL!AG1 -> HIMALAYA MEDICAL AGENCIES | AI1: =APRIL!AI1 -> Maruthi | AK1: =APRIL!AK1 -> LAXMI SAI MEDICAL AGENCIES | AM1: =APRIL!AM1 -> Patwari Pharma | AO1: =APRIL!AO1 -> Vishnu & Co | AQ1: =APRIL!AQ1 -> SUMAN AGENCIES HYD PVT LTD | AS1: =APRIL!AS1 -> Sri Nirmala | AU1: =APRIL!AU1 -> SHREE SHARADA PHARMA | AW1: =APRIL!AW1 -> ALLIED PHARMA | AY1: =APRIL!AY1 -> GOEL DISTRIBUTER | BA1: =APRIL!BA1 -> KAMALESH PHARMA | BC1: =APRIL!BC1 -> ARVIND PHARMA DISTRIBUTER | BE1: =APRIL!BE1 -> GOEL PHARMA | BG1: =APRIL!BG1 -> KRISHNA PHARMACEUTICALS | BI1: =APRIL!BI1 -> AP DRUGS | BK1: =APRIL!BK1 -> MAWA PHARMACEUTICALS | BM1: =APRIL!BM1 -> TIRUMALA AGENCIES | BO1: =APRIL!BO1 -> SREE HARI MEDICALS | BQ1: =APRIL!BQ1 -> SREE VENKATESHWARA MEDISOLUTIONS | BS1: =APRIL!BS1 -> SRI BALAJI DRUGS | BU1: =APRIL!BU1 -> VISHNU MEDICAL HALL | BW1: =APRIL!BW1 -> HYDERABAD SPECIALITY DRUGS | BY1: =APRIL!BY1 -> LORVEN PHARMA & SURGICALS (CORP) | CA1: =APRIL!CA1 -> AK PHARMA | CC1: =APRIL!CC1 -> OPTIVAL HEALTHSOLUTIONS | CE1: =APRIL!CE1 -> BALAJI MEDICAL AGENCIES | CG1: =APRIL!CG1 -> S42 | CI1: =APRIL!CI1 -> S43 | CK1: =APRIL!CK1 -> S44 | CM1: =APRIL!CM1 -> S45 | CO1: =APRIL!CO1 -> S46 | CQ1: =APRIL!CQ1 -> S47 | CS1: =APRIL!CS1 -> S48 | CU1: =APRIL!CU1 -> S49 | CW1: =APRIL!CW1 -> S50 | CY1: BE TOTAL
B2: PTS | C2: Sale (Units) | D2: Closing Stock (Units) | E2: Sale (Units) | F2: Closing Stock (Units) | G2: Sale (Units) | H2: Closing Stock (Units) | I2: Sale (Units) | J2: Closing Stock (Units) | K2: Sale (Units) | L2: Closing Stock (Units) | M2: Sale (Units) | N2: Closing Stock (Units) | O2: Sale (Units) | P2: Closing Stock (Units) | Q2: Sale (Units) | R2: Closing Stock (Units) | S2: Sale (Units) | T2: Closing Stock (Units) | U2: Sale (Units) | V2: Closing Stock (Units) | W2: Sale (Units) | X2: Closing Stock (Units) | Y2: Sale (Units) | Z2: Closing Stock (Units) | AA2: Sale (Units) | AB2: Closing Stock (Units) | AC2: Sale (Units) | AD2: Closing Stock (Units) | AE2: Sale (Units) | AF2: Closing Stock (Units) | AG2: Sale (Units) | AH2: Closing Stock (Units) | AI2: Sale (Units) | AJ2: Closing Stock (Units) | AK2: Sale (Units) | AL2: Closing Stock (Units) | AM2: Sale (Units) | AN2: Closing Stock (Units) | AO2: Sale (Units) | AP2: Closing Stock (Units) | AQ2: Sale (Units) | AR2: Closing Stock (Units) | AS2: Sale (Units) | AT2: Closing Stock (Units) | AU2: Sale (Units) | AV2: Closing Stock (Units) | AW2: Sale (Units) | AX2: Closing Stock (Units) | AY2: Sale (Units) | AZ2: Closing Stock (Units) | BA2: Sale (Units) | BB2: Closing Stock (Units) | BC2: Sale (Units) | BD2: Closing Stock (Units) | BE2: Sale (Units) | BF2: Closing Stock (Units) | BG2: Sale (Units) | BH2: Closing Stock (Units) | BI2: Sale (Units) | BJ2: Closing Stock (Units) | BK2: Sale (Units) | BL2: Closing Stock (Units) | BM2: Sale (Units) | BN2: Closing Stock (Units) | BO2: Sale (Units) | BP2: Closing Stock (Units) | BQ2: Sale (Units) | BR2: Closing Stock (Units) | BS2: Sale (Units) | BT2: Closing Stock (Units) | BU2: Sale (Units) | BV2: Closing Stock (Units) | BW2: Sale (Units) | BX2: Closing Stock (Units) | BY2: Sale (Units) | BZ2: Closing Stock (Units) | CA2: Sale (Units) | CB2: Closing Stock (Units) | CC2: Sale (Units) | CD2: Closing Stock (Units) | CE2: Sale (Units) | CF2: Closing Stock (Units) | CG2: Sale (Units) | CH2: Closing Stock (Units) | CI2: Sale (Units) | CJ2: Closing Stock (Units) | CK2: Sale (Units) | CL2: Closing Stock (Units) | CM2: Sale (Units) | CN2: Closing Stock (Units) | CO2: Sale (Units) | CP2: Closing Stock (Units) | CQ2: Sale (Units) | CR2: Closing Stock (Units) | CS2: Sale (Units) | CT2: Closing Stock (Units) | CU2: Sale (Units) | CV2: Closing Stock (Units) | CW2: Sale (Units) | CX2: Closing Stock (Units) | CY2: Sale (Units) | CZ2: Closing Stock (Units)
A3: ALZIL - SR 23 10 TAB | B3: =IFERROR(VLOOKUP(A3,PRICELIST!$A$3:$D$138,4,0),"-") -> 167.79 | CY3: =C3+E3+G3+I3+K3+M3+O3+Q3+S3+U3+W3+Y3+AA3+AC3+AE3+AG3+AI3+AK3+AM3+AO3+AQ3+AS3+AU3+AW3+AY3+BA3+BC3+BE3+BG3+BI3+BK3+BM3+BO3+BQ3+BS3+BU3+BW3+BY3+CA3+CC3+CE3+CG3+CI3+CK3+CM3+CO3+CQ3+CS3+CU3+CW3 -> 0 | CZ3: =D3+F3+H3+J3+L3+N3+P3+R3+T3+V3+X3+Z3+AB3+AD3+AF3+AH3+AJ3+AL3+AN3+AP3+AR3+AT3+AV3+AX3+AZ3+BB3+BD3+BF3+BH3+BJ3+BL3+BN3+BP3+BR3+BT3+BV3+BX3+BZ3+CB3+CD3+CF3+CH3+CJ3+CL3+CN3+CP3+CR3+CT3+CV3+CX3 -> 0
A4: ALZIL- SR 11.5 10 TAB | B4: =IFERROR(VLOOKUP(A4,PRICELIST!$A$3:$D$138,4,0),"-") -> 112.5 | CY4: =C4+E4+G4+I4+K4+M4+O4+Q4+S4+U4+W4+Y4+AA4+AC4+AE4+AG4+AI4+AK4+AM4+AO4+AQ4+AS4+AU4+AW4+AY4+BA4+BC4+BE4+BG4+BI4+BK4+BM4+BO4+BQ4+BS4+BU4+BW4+BY4+CA4+CC4+CE4+CG4+CI4+CK4+CM4+CO4+CQ4+CS4+CU4+CW4 -> 0 | CZ4: =D4+F4+H4+J4+L4+N4+P4+R4+T4+V4+X4+Z4+AB4+AD4+AF4+AH4+AJ4+AL4+AN4+AP4+AR4+AT4+AV4+AX4+AZ4+BB4+BD4+BF4+BH4+BJ4+BL4+BN4+BP4+BR4+BT4+BV4+BX4+BZ4+CB4+CD4+CF4+CH4+CJ4+CL4+CN4+CP4+CR4+CT4+CV4+CX4 -> 0
A5: ALZIL-10 10 TAB | B5: =IFERROR(VLOOKUP(A5,PRICELIST!$A$3:$D$138,4,0),"-") -> 127.87 | G5: 3 | H5: 17 | CY5: =C5+E5+G5+I5+K5+M5+O5+Q5+S5+U5+W5+Y5+AA5+AC5+AE5+AG5+AI5+AK5+AM5+AO5+AQ5+AS5+AU5+AW5+AY5+BA5+BC5+BE5+BG5+BI5+BK5+BM5+BO5+BQ5+BS5+BU5+BW5+BY5+CA5+CC5+CE5+CG5+CI5+CK5+CM5+CO5+CQ5+CS5+CU5+CW5 -> 3 | CZ5: =D5+F5+H5+J5+L5+N5+P5+R5+T5+V5+X5+Z5+AB5+AD5+AF5+AH5+AJ5+AL5+AN5+AP5+AR5+AT5+AV5+AX5+AZ5+BB5+BD5+BF5+BH5+BJ5+BL5+BN5+BP5+BR5+BT5+BV5+BX5+BZ5+CB5+CD5+CF5+CH5+CJ5+CL5+CN5+CP5+CR5+CT5+CV5+CX5 -> 17
A6: ALZIL-5 10 TAB | B6: =IFERROR(VLOOKUP(A6,PRICELIST!$A$3:$D$138,4,0),"-") -> 88.7 | G6: 6 | H6: 19 | CY6: =C6+E6+G6+I6+K6+M6+O6+Q6+S6+U6+W6+Y6+AA6+AC6+AE6+AG6+AI6+AK6+AM6+AO6+AQ6+AS6+AU6+AW6+AY6+BA6+BC6+BE6+BG6+BI6+BK6+BM6+BO6+BQ6+BS6+BU6+BW6+BY6+CA6+CC6+CE6+CG6+CI6+CK6+CM6+CO6+CQ6+CS6+CU6+CW6 -> 6 | CZ6: =D6+F6+H6+J6+L6+N6+P6+R6+T6+V6+X6+Z6+AB6+AD6+AF6+AH6+AJ6+AL6+AN6+AP6+AR6+AT6+AV6+AX6+AZ6+BB6+BD6+BF6+BH6+BJ6+BL6+BN6+BP6+BR6+BT6+BV6+BX6+BZ6+CB6+CD6+CF6+CH6+CJ6+CL6+CN6+CP6+CR6+CT6+CV6+CX6 -> 19
A7: ALZIL M FORTE 10 TAB | B7: =IFERROR(VLOOKUP(A7,PRICELIST!$A$3:$D$138,4,0),"-") -> 171.64 | G7: 3 | H7: 11 | CY7: =C7+E7+G7+I7+K7+M7+O7+Q7+S7+U7+W7+Y7+AA7+AC7+AE7+AG7+AI7+AK7+AM7+AO7+AQ7+AS7+AU7+AW7+AY7+BA7+BC7+BE7+BG7+BI7+BK7+BM7+BO7+BQ7+BS7+BU7+BW7+BY7+CA7+CC7+CE7+CG7+CI7+CK7+CM7+CO7+CQ7+CS7+CU7+CW7 -> 3 | CZ7: =D7+F7+H7+J7+L7+N7+P7+R7+T7+V7+X7+Z7+AB7+AD7+AF7+AH7+AJ7+AL7+AN7+AP7+AR7+AT7+AV7+AX7+AZ7+BB7+BD7+BF7+BH7+BJ7+BL7+BN7+BP7+BR7+BT7+BV7+BX7+BZ7+CB7+CD7+CF7+CH7+CJ7+CL7+CN7+CP7+CR7+CT7+CV7+CX7 -> 11
A8: ALZIL-M 10 10 TAB | B8: =IFERROR(VLOOKUP(A8,PRICELIST!$A$3:$D$138,4,0),"-") -> 216 | G8: 46 | H8: 24 | CY8: =C8+E8+G8+I8+K8+M8+O8+Q8+S8+U8+W8+Y8+AA8+AC8+AE8+AG8+AI8+AK8+AM8+AO8+AQ8+AS8+AU8+AW8+AY8+BA8+BC8+BE8+BG8+BI8+BK8+BM8+BO8+BQ8+BS8+BU8+BW8+BY8+CA8+CC8+CE8+CG8+CI8+CK8+CM8+CO8+CQ8+CS8+CU8+CW8 -> 46 | CZ8: =D8+F8+H8+J8+L8+N8+P8+R8+T8+V8+X8+Z8+AB8+AD8+AF8+AH8+AJ8+AL8+AN8+AP8+AR8+AT8+AV8+AX8+AZ8+BB8+BD8+BF8+BH8+BJ8+BL8+BN8+BP8+BR8+BT8+BV8+BX8+BZ8+CB8+CD8+CF8+CH8+CJ8+CL8+CN8+CP8+CR8+CT8+CV8+CX8 -> 24
A9: ALZIL-M 5 10 TAB | B9: =IFERROR(VLOOKUP(A9,PRICELIST!$A$3:$D$138,4,0),"-") -> 163.93 | CY9: =C9+E9+G9+I9+K9+M9+O9+Q9+S9+U9+W9+Y9+AA9+AC9+AE9+AG9+AI9+AK9+AM9+AO9+AQ9+AS9+AU9+AW9+AY9+BA9+BC9+BE9+BG9+BI9+BK9+BM9+BO9+BQ9+BS9+BU9+BW9+BY9+CA9+CC9+CE9+CG9+CI9+CK9+CM9+CO9+CQ9+CS9+CU9+CW9 -> 0 | CZ9: =D9+F9+H9+J9+L9+N9+P9+R9+T9+V9+X9+Z9+AB9+AD9+AF9+AH9+AJ9+AL9+AN9+AP9+AR9+AT9+AV9+AX9+AZ9+BB9+BD9+BF9+BH9+BJ9+BL9+BN9+BP9+BR9+BT9+BV9+BX9+BZ9+CB9+CD9+CF9+CH9+CJ9+CL9+CN9+CP9+CR9+CT9+CV9+CX9 -> 0
A10: ALZIL GROUP | C10: =SUMPRODUCT($B3:$B9,C3:C9) -> 0 | D10: =SUMPRODUCT($B3:$B9,D3:D9) -> 0 | E10: =SUMPRODUCT($B3:$B9,E3:E9) -> 0 | F10: =SUMPRODUCT($B3:$B9,F3:F9) -> 0 | G10: =SUMPRODUCT($B3:$B9,G3:G9) -> 11366.73 | H10: =SUMPRODUCT($B3:$B9,H3:H9) -> 10931.13 | I10: =SUMPRODUCT($B3:$B9,I3:I9) -> 0 | J10: =SUMPRODUCT($B3:$B9,J3:J9) -> 0 | ... CZ10: =SUMPRODUCT($B3:$B9,CZ3:CZ9) -> 10931.13
A11: BRIVAZEN 100 (15T) | B11: =IFERROR(VLOOKUP(A11,PRICELIST!$A$3:$D$138,4,0),"-") -> 432.21 | G11: 24 | H11: 0 | CY11: =C11+E11+G11+I11+K11+M11+O11+Q11+S11+U11+W11+Y11+AA11+AC11+AE11+AG11+AI11+AK11+AM11+AO11+AQ11+AS11+AU11+AW11+AY11+BA11+BC11+BE11+BG11+BI11+BK11+BM11+BO11+BQ11+BS11+BU11+BW11+BY11+CA11+CC11+CE11+CG11+CI11+CK11+CM11+CO11+CQ11+CS11+CU11+CW11 -> 24 | CZ11: =D11+F11+H11+J11+L11+N11+P11+R11+T11+V11+X11+Z11+AB11+AD11+AF11+AH11+AJ11+AL11+AN11+AP11+AR11+AT11+AV11+AX11+AZ11+BB11+BD11+BF11+BH11+BJ11+BL11+BN11+BP11+BR11+BT11+BV11+BX11+BZ11+CB11+CD11+CF11+CH11+CJ11+CL11+CN11+CP11+CR11+CT11+CV11+CX11 -> 0
A12: BRIVAZEN 25 (15T) | B12: =IFERROR(VLOOKUP(A12,PRICELIST!$A$3:$D$138,4,0),"-") -> 107.11 | G12: 10 | H12: 20 | CY12: =C12+E12+G12+I12+K12+M12+O12+Q12+S12+U12+W12+Y12+AA12+AC12+AE12+AG12+AI12+AK12+AM12+AO12+AQ12+AS12+AU12+AW12+AY12+BA12+BC12+BE12+BG12+BI12+BK12+BM12+BO12+BQ12+BS12+BU12+BW12+BY12+CA12+CC12+CE12+CG12+CI12+CK12+CM12+CO12+CQ12+CS12+CU12+CW12 -> 10 | CZ12: =D12+F12+H12+J12+L12+N12+P12+R12+T12+V12+X12+Z12+AB12+AD12+AF12+AH12+AJ12+AL12+AN12+AP12+AR12+AT12+AV12+AX12+AZ12+BB12+BD12+BF12+BH12+BJ12+BL12+BN12+BP12+BR12+BT12+BV12+BX12+BZ12+CB12+CD12+CF12+CH12+CJ12+CL12+CN12+CP12+CR12+CT12+CV12+CX12 -> 20
A13: BRIVAZEN 50 (15T) | B13: =IFERROR(VLOOKUP(A13,PRICELIST!$A$3:$D$138,4,0),"-") -> 205.07 | G13: 80 | H13: 35 | CY13: =C13+E13+G13+I13+K13+M13+O13+Q13+S13+U13+W13+Y13+AA13+AC13+AE13+AG13+AI13+AK13+AM13+AO13+AQ13+AS13+AU13+AW13+AY13+BA13+BC13+BE13+BG13+BI13+BK13+BM13+BO13+BQ13+BS13+BU13+BW13+BY13+CA13+CC13+CE13+CG13+CI13+CK13+CM13+CO13+CQ13+CS13+CU13+CW13 -> 80 | CZ13: =D13+F13+H13+J13+L13+N13+P13+R13+T13+V13+X13+Z13+AB13+AD13+AF13+AH13+AJ13+AL13+AN13+AP13+AR13+AT13+AV13+AX13+AZ13+BB13+BD13+BF13+BH13+BJ13+BL13+BN13+BP13+BR13+BT13+BV13+BX13+BZ13+CB13+CD13+CF13+CH13+CJ13+CL13+CN13+CP13+CR13+CT13+CV13+CX13 -> 35
A14: BRIVAZEN 75 (15T) | B14: =IFERROR(VLOOKUP(A14,PRICELIST!$A$3:$D$138,4,0),"-") -> 322.71 | G14: 16 | H14: 4 | CY14: =C14+E14+G14+I14+K14+M14+O14+Q14+S14+U14+W14+Y14+AA14+AC14+AE14+AG14+AI14+AK14+AM14+AO14+AQ14+AS14+AU14+AW14+AY14+BA14+BC14+BE14+BG14+BI14+BK14+BM14+BO14+BQ14+BS14+BU14+BW14+BY14+CA14+CC14+CE14+CG14+CI14+CK14+CM14+CO14+CQ14+CS14+CU14+CW14 -> 16 | CZ14: =D14+F14+H14+J14+L14+N14+P14+R14+T14+V14+X14+Z14+AB14+AD14+AF14+AH14+AJ14+AL14+AN14+AP14+AR14+AT14+AV14+AX14+AZ14+BB14+BD14+BF14+BH14+BJ14+BL14+BN14+BP14+BR14+BT14+BV14+BX14+BZ14+CB14+CD14+CF14+CH14+CJ14+CL14+CN14+CP14+CR14+CT14+CV14+CX14 -> 4
A15: BRIVAZEN SR 100 (SALE) (10T) | B15: =IFERROR(VLOOKUP(A15,PRICELIST!$A$3:$D$138,4,0),"-") -> 272.23 | G15: 20 | H15: 16 | CY15: =C15+E15+G15+I15+K15+M15+O15+Q15+S15+U15+W15+Y15+AA15+AC15+AE15+AG15+AI15+AK15+AM15+AO15+AQ15+AS15+AU15+AW15+AY15+BA15+BC15+BE15+BG15+BI15+BK15+BM15+BO15+BQ15+BS15+BU15+BW15+BY15+CA15+CC15+CE15+CG15+CI15+CK15+CM15+CO15+CQ15+CS15+CU15+CW15 -> 20 | CZ15: =D15+F15+H15+J15+L15+N15+P15+R15+T15+V15+X15+Z15+AB15+AD15+AF15+AH15+AJ15+AL15+AN15+AP15+AR15+AT15+AV15+AX15+AZ15+BB15+BD15+BF15+BH15+BJ15+BL15+BN15+BP15+BR15+BT15+BV15+BX15+BZ15+CB15+CD15+CF15+CH15+CJ15+CL15+CN15+CP15+CR15+CT15+CV15+CX15 -> 16
A16: BRIVAZEN SR 200 (SALE) (10T) | B16: =IFERROR(VLOOKUP(A16,PRICELIST!$A$3:$D$138,4,0),"-") -> 352.76 | CY16: =C16+E16+G16+I16+K16+M16+O16+Q16+S16+U16+W16+Y16+AA16+AC16+AE16+AG16+AI16+AK16+AM16+AO16+AQ16+AS16+AU16+AW16+AY16+BA16+BC16+BE16+BG16+BI16+BK16+BM16+BO16+BQ16+BS16+BU16+BW16+BY16+CA16+CC16+CE16+CG16+CI16+CK16+CM16+CO16+CQ16+CS16+CU16+CW16 -> 0 | CZ16: =D16+F16+H16+J16+L16+N16+P16+R16+T16+V16+X16+Z16+AB16+AD16+AF16+AH16+AJ16+AL16+AN16+AP16+AR16+AT16+AV16+AX16+AZ16+BB16+BD16+BF16+BH16+BJ16+BL16+BN16+BP16+BR16+BT16+BV16+BX16+BZ16+CB16+CD16+CF16+CH16+CJ16+CL16+CN16+CP16+CR16+CT16+CV16+CX16 -> 0
A17: BRIVAZEN SR 50 (SALE) (10T) | B17: =IFERROR(VLOOKUP(A17,PRICELIST!$A$3:$D$138,4,0),"-") -> 137.57 | G17: 27 | H17: 30 | CY17: =C17+E17+G17+I17+K17+M17+O17+Q17+S17+U17+W17+Y17+AA17+AC17+AE17+AG17+AI17+AK17+AM17+AO17+AQ17+AS17+AU17+AW17+AY17+BA17+BC17+BE17+BG17+BI17+BK17+BM17+BO17+BQ17+BS17+BU17+BW17+BY17+CA17+CC17+CE17+CG17+CI17+CK17+CM17+CO17+CQ17+CS17+CU17+CW17 -> 27 | CZ17: =D17+F17+H17+J17+L17+N17+P17+R17+T17+V17+X17+Z17+AB17+AD17+AF17+AH17+AJ17+AL17+AN17+AP17+AR17+AT17+AV17+AX17+AZ17+BB17+BD17+BF17+BH17+BJ17+BL17+BN17+BP17+BR17+BT17+BV17+BX17+BZ17+CB17+CD17+CF17+CH17+CJ17+CL17+CN17+CP17+CR17+CT17+CV17+CX17 -> 30
A18: BRIVAZEN SOLUTION 200 ML | B18: =IFERROR(VLOOKUP(A18,PRICELIST!$A$3:$D$138,4,0),"-") -> 647.36 | G18: 1 | H18: 1 | CY18: =C18+E18+G18+I18+K18+M18+O18+Q18+S18+U18+W18+Y18+AA18+AC18+AE18+AG18+AI18+AK18+AM18+AO18+AQ18+AS18+AU18+AW18+AY18+BA18+BC18+BE18+BG18+BI18+BK18+BM18+BO18+BQ18+BS18+BU18+BW18+BY18+CA18+CC18+CE18+CG18+CI18+CK18+CM18+CO18+CQ18+CS18+CU18+CW18 -> 1 | CZ18: =D18+F18+H18+J18+L18+N18+P18+R18+T18+V18+X18+Z18+AB18+AD18+AF18+AH18+AJ18+AL18+AN18+AP18+AR18+AT18+AV18+AX18+AZ18+BB18+BD18+BF18+BH18+BJ18+BL18+BN18+BP18+BR18+BT18+BV18+BX18+BZ18+CB18+CD18+CF18+CH18+CJ18+CL18+CN18+CP18+CR18+CT18+CV18+CX18 -> 1
A19: BRIVAZEN INJECTION (5 ML) | B19: =IFERROR(VLOOKUP(A19,PRICELIST!$A$3:$D$138,4,0),"-") -> 110.25 | H19: 11 | CY19: =C19+E19+G19+I19+K19+M19+O19+Q19+S19+U19+W19+Y19+AA19+AC19+AE19+AG19+AI19+AK19+AM19+AO19+AQ19+AS19+AU19+AW19+AY19+BA19+BC19+BE19+BG19+BI19+BK19+BM19+BO19+BQ19+BS19+BU19+BW19+BY19+CA19+CC19+CE19+CG19+CI19+CK19+CM19+CO19+CQ19+CS19+CU19+CW19 -> 0 | CZ19: =D19+F19+H19+J19+L19+N19+P19+R19+T19+V19+X19+Z19+AB19+AD19+AF19+AH19+AJ19+AL19+AN19+AP19+AR19+AT19+AV19+AX19+AZ19+BB19+BD19+BF19+BH19+BJ19+BL19+BN19+BP19+BR19+BT19+BV19+BX19+BZ19+CB19+CD19+CF19+CH19+CJ19+CL19+CN19+CP19+CR19+CT19+CV19+CX19 -> 11
A20: BRIVAZEN GROUP | C20: =SUMPRODUCT($B11:$B19,C11:C19) -> 0 | D20: =SUMPRODUCT($B11:$B19,D11:D19) -> 0 | E20: =SUMPRODUCT($B11:$B19,E11:E19) -> 0 | F20: =SUMPRODUCT($B11:$B19,F11:F19) -> 0 | G20: =SUMPRODUCT($B11:$B19,G11:G19) -> 42819.45 | H20: =SUMPRODUCT($B11:$B19,H11:H19) -> 20953.38 | I20: =SUMPRODUCT($B11:$B19,I11:I19) -> 0 | J20: =SUMPRODUCT($B11:$B19,J11:J19) -> 0 | ... CZ20: =SUMPRODUCT($B11:$B19,CZ11:CZ19) -> 20953.38
A21: CELETOIN -100, 100 TABS (D) | B21: =IFERROR(VLOOKUP(A21,PRICELIST!$A$3:$D$138,4,0),"-") -> 128.88 | G21: 7 | H21: 21 | CY21: =C21+E21+G21+I21+K21+M21+O21+Q21+S21+U21+W21+Y21+AA21+AC21+AE21+AG21+AI21+AK21+AM21+AO21+AQ21+AS21+AU21+AW21+AY21+BA21+BC21+BE21+BG21+BI21+BK21+BM21+BO21+BQ21+BS21+BU21+BW21+BY21+CA21+CC21+CE21+CG21+CI21+CK21+CM21+CO21+CQ21+CS21+CU21+CW21 -> 7 | CZ21: =D21+F21+H21+J21+L21+N21+P21+R21+T21+V21+X21+Z21+AB21+AD21+AF21+AH21+AJ21+AL21+AN21+AP21+AR21+AT21+AV21+AX21+AZ21+BB21+BD21+BF21+BH21+BJ21+BL21+BN21+BP21+BR21+BT21+BV21+BX21+BZ21+CB21+CD21+CF21+CH21+CJ21+CL21+CN21+CP21+CR21+CT21+CV21+CX21 -> 21
A22: CELETOIN 300 30 TAB | B22: =IFERROR(VLOOKUP(A22,PRICELIST!$A$3:$D$138,4,0),"-") -> 120.53 | CY22: =C22+E22+G22+I22+K22+M22+O22+Q22+S22+U22+W22+Y22+AA22+AC22+AE22+AG22+AI22+AK22+AM22+AO22+AQ22+AS22+AU22+AW22+AY22+BA22+BC22+BE22+BG22+BI22+BK22+BM22+BO22+BQ22+BS22+BU22+BW22+BY22+CA22+CC22+CE22+CG22+CI22+CK22+CM22+CO22+CQ22+CS22+CU22+CW22 -> 0 | CZ22: =D22+F22+H22+J22+L22+N22+P22+R22+T22+V22+X22+Z22+AB22+AD22+AF22+AH22+AJ22+AL22+AN22+AP22+AR22+AT22+AV22+AX22+AZ22+BB22+BD22+BF22+BH22+BJ22+BL22+BN22+BP22+BR22+BT22+BV22+BX22+BZ22+CB22+CD22+CF22+CH22+CJ22+CL22+CN22+CP22+CR22+CT22+CV22+CX22 -> 0
A23: CELETOIN ER 300 30 TAB | B23: =IFERROR(VLOOKUP(A23,PRICELIST!$A$3:$D$138,4,0),"-") -> 144.29 | CY23: =C23+E23+G23+I23+K23+M23+O23+Q23+S23+U23+W23+Y23+AA23+AC23+AE23+AG23+AI23+AK23+AM23+AO23+AQ23+AS23+AU23+AW23+AY23+BA23+BC23+BE23+BG23+BI23+BK23+BM23+BO23+BQ23+BS23+BU23+BW23+BY23+CA23+CC23+CE23+CG23+CI23+CK23+CM23+CO23+CQ23+CS23+CU23+CW23 -> 0 | CZ23: =D23+F23+H23+J23+L23+N23+P23+R23+T23+V23+X23+Z23+AB23+AD23+AF23+AH23+AJ23+AL23+AN23+AP23+AR23+AT23+AV23+AX23+AZ23+BB23+BD23+BF23+BH23+BJ23+BL23+BN23+BP23+BR23+BT23+BV23+BX23+BZ23+CB23+CD23+CF23+CH23+CJ23+CL23+CN23+CP23+CR23+CT23+CV23+CX23 -> 0
A24: CELETOIN GROUP | C24: =SUMPRODUCT($B21:$B23,C21:C23) -> 0 | D24: =SUMPRODUCT($B21:$B23,D21:D23) -> 0 | E24: =SUMPRODUCT($B21:$B23,E21:E23) -> 0 | F24: =SUMPRODUCT($B21:$B23,F21:F23) -> 0 | G24: =SUMPRODUCT($B21:$B23,G21:G23) -> 902.16 | H24: =SUMPRODUCT($B21:$B23,H21:H23) -> 2706.48 | I24: =SUMPRODUCT($B21:$B23,I21:I23) -> 0 | J24: =SUMPRODUCT($B21:$B23,J21:J23) -> 0 | ... CZ24: =SUMPRODUCT($B21:$B23,CZ21:CZ23) -> 2706.48
A25: LURASID 40 (10T) | B25: =IFERROR(VLOOKUP(A25,PRICELIST!$A$3:$D$138,4,0),"-") -> 110.57 | CY25: =C25+E25+G25+I25+K25+M25+O25+Q25+S25+U25+W25+Y25+AA25+AC25+AE25+AG25+AI25+AK25+AM25+AO25+AQ25+AS25+AU25+AW25+AY25+BA25+BC25+BE25+BG25+BI25+BK25+BM25+BO25+BQ25+BS25+BU25+BW25+BY25+CA25+CC25+CE25+CG25+CI25+CK25+CM25+CO25+CQ25+CS25+CU25+CW25 -> 0 | CZ25: =D25+F25+H25+J25+L25+N25+P25+R25+T25+V25+X25+Z25+AB25+AD25+AF25+AH25+AJ25+AL25+AN25+AP25+AR25+AT25+AV25+AX25+AZ25+BB25+BD25+BF25+BH25+BJ25+BL25+BN25+BP25+BR25+BT25+BV25+BX25+BZ25+CB25+CD25+CF25+CH25+CJ25+CL25+CN25+CP25+CR25+CT25+CV25+CX25 -> 0
A26: LURASID 80 (10T) | B26: =IFERROR(VLOOKUP(A26,PRICELIST!$A$3:$D$138,4,0),"-") -> 184.82 | CY26: =C26+E26+G26+I26+K26+M26+O26+Q26+S26+U26+W26+Y26+AA26+AC26+AE26+AG26+AI26+AK26+AM26+AO26+AQ26+AS26+AU26+AW26+AY26+BA26+BC26+BE26+BG26+BI26+BK26+BM26+BO26+BQ26+BS26+BU26+BW26+BY26+CA26+CC26+CE26+CG26+CI26+CK26+CM26+CO26+CQ26+CS26+CU26+CW26 -> 0 | CZ26: =D26+F26+H26+J26+L26+N26+P26+R26+T26+V26+X26+Z26+AB26+AD26+AF26+AH26+AJ26+AL26+AN26+AP26+AR26+AT26+AV26+AX26+AZ26+BB26+BD26+BF26+BH26+BJ26+BL26+BN26+BP26+BR26+BT26+BV26+BX26+BZ26+CB26+CD26+CF26+CH26+CJ26+CL26+CN26+CP26+CR26+CT26+CV26+CX26 -> 0
A27: LURASID GROUP | C27: =SUMPRODUCT($B25:$B26,C25:C26) -> 0 | D27: =SUMPRODUCT($B25:$B26,D25:D26) -> 0 | E27: =SUMPRODUCT($B25:$B26,E25:E26) -> 0 | F27: =SUMPRODUCT($B25:$B26,F25:F26) -> 0 | G27: =SUMPRODUCT($B25:$B26,G25:G26) -> 0 | H27: =SUMPRODUCT($B25:$B26,H25:H26) -> 0 | I27: =SUMPRODUCT($B25:$B26,I25:I26) -> 0 | J27: =SUMPRODUCT($B25:$B26,J25:J26) -> 0 | ... CZ27: =SUMPRODUCT($B25:$B26,CZ25:CZ26) -> 0
A28: MIRNITE MELTAB-15 10 TAB | B28: =IFERROR(VLOOKUP(A28,PRICELIST!$A$3:$D$138,4,0),"-") -> 113.79 | CY28: =C28+E28+G28+I28+K28+M28+O28+Q28+S28+U28+W28+Y28+AA28+AC28+AE28+AG28+AI28+AK28+AM28+AO28+AQ28+AS28+AU28+AW28+AY28+BA28+BC28+BE28+BG28+BI28+BK28+BM28+BO28+BQ28+BS28+BU28+BW28+BY28+CA28+CC28+CE28+CG28+CI28+CK28+CM28+CO28+CQ28+CS28+CU28+CW28 -> 0 | CZ28: =D28+F28+H28+J28+L28+N28+P28+R28+T28+V28+X28+Z28+AB28+AD28+AF28+AH28+AJ28+AL28+AN28+AP28+AR28+AT28+AV28+AX28+AZ28+BB28+BD28+BF28+BH28+BJ28+BL28+BN28+BP28+BR28+BT28+BV28+BX28+BZ28+CB28+CD28+CF28+CH28+CJ28+CL28+CN28+CP28+CR28+CT28+CV28+CX28 -> 0
A29: MIRNITE MELTAB-30 10 TAB | B29: =IFERROR(VLOOKUP(A29,PRICELIST!$A$3:$D$138,4,0),"-") -> 188.04 | CY29: =C29+E29+G29+I29+K29+M29+O29+Q29+S29+U29+W29+Y29+AA29+AC29+AE29+AG29+AI29+AK29+AM29+AO29+AQ29+AS29+AU29+AW29+AY29+BA29+BC29+BE29+BG29+BI29+BK29+BM29+BO29+BQ29+BS29+BU29+BW29+BY29+CA29+CC29+CE29+CG29+CI29+CK29+CM29+CO29+CQ29+CS29+CU29+CW29 -> 0 | CZ29: =D29+F29+H29+J29+L29+N29+P29+R29+T29+V29+X29+Z29+AB29+AD29+AF29+AH29+AJ29+AL29+AN29+AP29+AR29+AT29+AV29+AX29+AZ29+BB29+BD29+BF29+BH29+BJ29+BL29+BN29+BP29+BR29+BT29+BV29+BX29+BZ29+CB29+CD29+CF29+CH29+CJ29+CL29+CN29+CP29+CR29+CT29+CV29+CX29 -> 0
A30: MIRNITE MELTAB-7.5 10 TAB | B30: =IFERROR(VLOOKUP(A30,PRICELIST!$A$3:$D$138,4,0),"-") -> 68.16 | CY30: =C30+E30+G30+I30+K30+M30+O30+Q30+S30+U30+W30+Y30+AA30+AC30+AE30+AG30+AI30+AK30+AM30+AO30+AQ30+AS30+AU30+AW30+AY30+BA30+BC30+BE30+BG30+BI30+BK30+BM30+BO30+BQ30+BS30+BU30+BW30+BY30+CA30+CC30+CE30+CG30+CI30+CK30+CM30+CO30+CQ30+CS30+CU30+CW30 -> 0 | CZ30: =D30+F30+H30+J30+L30+N30+P30+R30+T30+V30+X30+Z30+AB30+AD30+AF30+AH30+AJ30+AL30+AN30+AP30+AR30+AT30+AV30+AX30+AZ30+BB30+BD30+BF30+BH30+BJ30+BL30+BN30+BP30+BR30+BT30+BV30+BX30+BZ30+CB30+CD30+CF30+CH30+CJ30+CL30+CN30+CP30+CR30+CT30+CV30+CX30 -> 0
A31: MIRNITE-15 10 TAB | B31: =IFERROR(VLOOKUP(A31,PRICELIST!$A$3:$D$138,4,0),"-") -> 101.57 | CY31: =C31+E31+G31+I31+K31+M31+O31+Q31+S31+U31+W31+Y31+AA31+AC31+AE31+AG31+AI31+AK31+AM31+AO31+AQ31+AS31+AU31+AW31+AY31+BA31+BC31+BE31+BG31+BI31+BK31+BM31+BO31+BQ31+BS31+BU31+BW31+BY31+CA31+CC31+CE31+CG31+CI31+CK31+CM31+CO31+CQ31+CS31+CU31+CW31 -> 0 | CZ31: =D31+F31+H31+J31+L31+N31+P31+R31+T31+V31+X31+Z31+AB31+AD31+AF31+AH31+AJ31+AL31+AN31+AP31+AR31+AT31+AV31+AX31+AZ31+BB31+BD31+BF31+BH31+BJ31+BL31+BN31+BP31+BR31+BT31+BV31+BX31+BZ31+CB31+CD31+CF31+CH31+CJ31+CL31+CN31+CP31+CR31+CT31+CV31+CX31 -> 0
A32: MIRNITE-30 10 TAB | B32: =IFERROR(VLOOKUP(A32,PRICELIST!$A$3:$D$138,4,0),"-") -> 164.73 | CY32: =C32+E32+G32+I32+K32+M32+O32+Q32+S32+U32+W32+Y32+AA32+AC32+AE32+AG32+AI32+AK32+AM32+AO32+AQ32+AS32+AU32+AW32+AY32+BA32+BC32+BE32+BG32+BI32+BK32+BM32+BO32+BQ32+BS32+BU32+BW32+BY32+CA32+CC32+CE32+CG32+CI32+CK32+CM32+CO32+CQ32+CS32+CU32+CW32 -> 0 | CZ32: =D32+F32+H32+J32+L32+N32+P32+R32+T32+V32+X32+Z32+AB32+AD32+AF32+AH32+AJ32+AL32+AN32+AP32+AR32+AT32+AV32+AX32+AZ32+BB32+BD32+BF32+BH32+BJ32+BL32+BN32+BP32+BR32+BT32+BV32+BX32+BZ32+CB32+CD32+CF32+CH32+CJ32+CL32+CN32+CP32+CR32+CT32+CV32+CX32 -> 0
A33: MIRNITE-7.5 10 TAB | B33: =IFERROR(VLOOKUP(A33,PRICELIST!$A$3:$D$138,4,0),"-") -> 78.1 | CY33: =C33+E33+G33+I33+K33+M33+O33+Q33+S33+U33+W33+Y33+AA33+AC33+AE33+AG33+AI33+AK33+AM33+AO33+AQ33+AS33+AU33+AW33+AY33+BA33+BC33+BE33+BG33+BI33+BK33+BM33+BO33+BQ33+BS33+BU33+BW33+BY33+CA33+CC33+CE33+CG33+CI33+CK33+CM33+CO33+CQ33+CS33+CU33+CW33 -> 0 | CZ33: =D33+F33+H33+J33+L33+N33+P33+R33+T33+V33+X33+Z33+AB33+AD33+AF33+AH33+AJ33+AL33+AN33+AP33+AR33+AT33+AV33+AX33+AZ33+BB33+BD33+BF33+BH33+BJ33+BL33+BN33+BP33+BR33+BT33+BV33+BX33+BZ33+CB33+CD33+CF33+CH33+CJ33+CL33+CN33+CP33+CR33+CT33+CV33+CX33 -> 0
A34: MIRNITE GROUP | C34: =SUMPRODUCT($B28:$B33,C28:C33) -> 0 | D34: =SUMPRODUCT($B28:$B33,D28:D33) -> 0 | E34: =SUMPRODUCT($B28:$B33,E28:E33) -> 0 | F34: =SUMPRODUCT($B28:$B33,F28:F33) -> 0 | G34: =SUMPRODUCT($B28:$B33,G28:G33) -> 0 | H34: =SUMPRODUCT($B28:$B33,H28:H33) -> 0 | I34: =SUMPRODUCT($B28:$B33,I28:I33) -> 0 | J34: =SUMPRODUCT($B28:$B33,J28:J33) -> 0 | ... CZ34: =SUMPRODUCT($B28:$B33,CZ28:CZ33) -> 0
A35: NAPRA-D 250 10 TAB | B35: =IFERROR(VLOOKUP(A35,PRICELIST!$A$3:$D$138,4,0),"-") -> 60.11 | CY35: =C35+E35+G35+I35+K35+M35+O35+Q35+S35+U35+W35+Y35+AA35+AC35+AE35+AG35+AI35+AK35+AM35+AO35+AQ35+AS35+AU35+AW35+AY35+BA35+BC35+BE35+BG35+BI35+BK35+BM35+BO35+BQ35+BS35+BU35+BW35+BY35+CA35+CC35+CE35+CG35+CI35+CK35+CM35+CO35+CQ35+CS35+CU35+CW35 -> 0 | CZ35: =D35+F35+H35+J35+L35+N35+P35+R35+T35+V35+X35+Z35+AB35+AD35+AF35+AH35+AJ35+AL35+AN35+AP35+AR35+AT35+AV35+AX35+AZ35+BB35+BD35+BF35+BH35+BJ35+BL35+BN35+BP35+BR35+BT35+BV35+BX35+BZ35+CB35+CD35+CF35+CH35+CJ35+CL35+CN35+CP35+CR35+CT35+CV35+CX35 -> 0
A36: NAPRA-D 500 10 TAB | B36: =IFERROR(VLOOKUP(A36,PRICELIST!$A$3:$D$138,4,0),"-") -> 91.2 | CY36: =C36+E36+G36+I36+K36+M36+O36+Q36+S36+U36+W36+Y36+AA36+AC36+AE36+AG36+AI36+AK36+AM36+AO36+AQ36+AS36+AU36+AW36+AY36+BA36+BC36+BE36+BG36+BI36+BK36+BM36+BO36+BQ36+BS36+BU36+BW36+BY36+CA36+CC36+CE36+CG36+CI36+CK36+CM36+CO36+CQ36+CS36+CU36+CW36 -> 0 | CZ36: =D36+F36+H36+J36+L36+N36+P36+R36+T36+V36+X36+Z36+AB36+AD36+AF36+AH36+AJ36+AL36+AN36+AP36+AR36+AT36+AV36+AX36+AZ36+BB36+BD36+BF36+BH36+BJ36+BL36+BN36+BP36+BR36+BT36+BV36+BX36+BZ36+CB36+CD36+CF36+CH36+CJ36+CL36+CN36+CP36+CR36+CT36+CV36+CX36 -> 0
A37: NAPRA D GROUP | C37: =SUMPRODUCT($B35:$B36,C35:C36) -> 0 | D37: =SUMPRODUCT($B35:$B36,D35:D36) -> 0 | E37: =SUMPRODUCT($B35:$B36,E35:E36) -> 0 | F37: =SUMPRODUCT($B35:$B36,F35:F36) -> 0 | G37: =SUMPRODUCT($B35:$B36,G35:G36) -> 0 | H37: =SUMPRODUCT($B35:$B36,H35:H36) -> 0 | I37: =SUMPRODUCT($B35:$B36,I35:I36) -> 0 | J37: =SUMPRODUCT($B35:$B36,J35:J36) -> 0 | ... CZ37: =SUMPRODUCT($B35:$B36,CZ35:CZ36) -> 0
A38: NEMDAA 10 10 TAB | B38: =IFERROR(VLOOKUP(A38,PRICELIST!$A$3:$D$138,4,0),"-") -> 159.75 | CY38: =C38+E38+G38+I38+K38+M38+O38+Q38+S38+U38+W38+Y38+AA38+AC38+AE38+AG38+AI38+AK38+AM38+AO38+AQ38+AS38+AU38+AW38+AY38+BA38+BC38+BE38+BG38+BI38+BK38+BM38+BO38+BQ38+BS38+BU38+BW38+BY38+CA38+CC38+CE38+CG38+CI38+CK38+CM38+CO38+CQ38+CS38+CU38+CW38 -> 0 | CZ38: =D38+F38+H38+J38+L38+N38+P38+R38+T38+V38+X38+Z38+AB38+AD38+AF38+AH38+AJ38+AL38+AN38+AP38+AR38+AT38+AV38+AX38+AZ38+BB38+BD38+BF38+BH38+BJ38+BL38+BN38+BP38+BR38+BT38+BV38+BX38+BZ38+CB38+CD38+CF38+CH38+CJ38+CL38+CN38+CP38+CR38+CT38+CV38+CX38 -> 0
A39: NEMDAA 5 10 TAB | B39: =IFERROR(VLOOKUP(A39,PRICELIST!$A$3:$D$138,4,0),"-") -> 83.59 | CY39: =C39+E39+G39+I39+K39+M39+O39+Q39+S39+U39+W39+Y39+AA39+AC39+AE39+AG39+AI39+AK39+AM39+AO39+AQ39+AS39+AU39+AW39+AY39+BA39+BC39+BE39+BG39+BI39+BK39+BM39+BO39+BQ39+BS39+BU39+BW39+BY39+CA39+CC39+CE39+CG39+CI39+CK39+CM39+CO39+CQ39+CS39+CU39+CW39 -> 0 | CZ39: =D39+F39+H39+J39+L39+N39+P39+R39+T39+V39+X39+Z39+AB39+AD39+AF39+AH39+AJ39+AL39+AN39+AP39+AR39+AT39+AV39+AX39+AZ39+BB39+BD39+BF39+BH39+BJ39+BL39+BN39+BP39+BR39+BT39+BV39+BX39+BZ39+CB39+CD39+CF39+CH39+CJ39+CL39+CN39+CP39+CR39+CT39+CV39+CX39 -> 0
A40: NEMDAA GROUP | C40: =SUMPRODUCT($B38:$B39,C38:C39) -> 0 | D40: =SUMPRODUCT($B38:$B39,D38:D39) -> 0 | E40: =SUMPRODUCT($B38:$B39,E38:E39) -> 0 | F40: =SUMPRODUCT($B38:$B39,F38:F39) -> 0 | G40: =SUMPRODUCT($B38:$B39,G38:G39) -> 0 | H40: =SUMPRODUCT($B38:$B39,H38:H39) -> 0 | I40: =SUMPRODUCT($B38:$B39,I38:I39) -> 0 | J40: =SUMPRODUCT($B38:$B39,J38:J39) -> 0 | ... CZ40: =SUMPRODUCT($B38:$B39,CZ38:CZ39) -> 0
A41: OLIMELT 10 10 TAB (D) | B41: =IFERROR(VLOOKUP(A41,PRICELIST!$A$3:$D$138,4,0),"-") -> 78.79 | CY41: =C41+E41+G41+I41+K41+M41+O41+Q41+S41+U41+W41+Y41+AA41+AC41+AE41+AG41+AI41+AK41+AM41+AO41+AQ41+AS41+AU41+AW41+AY41+BA41+BC41+BE41+BG41+BI41+BK41+BM41+BO41+BQ41+BS41+BU41+BW41+BY41+CA41+CC41+CE41+CG41+CI41+CK41+CM41+CO41+CQ41+CS41+CU41+CW41 -> 0 | CZ41: =D41+F41+H41+J41+L41+N41+P41+R41+T41+V41+X41+Z41+AB41+AD41+AF41+AH41+AJ41+AL41+AN41+AP41+AR41+AT41+AV41+AX41+AZ41+BB41+BD41+BF41+BH41+BJ41+BL41+BN41+BP41+BR41+BT41+BV41+BX41+BZ41+CB41+CD41+CF41+CH41+CJ41+CL41+CN41+CP41+CR41+CT41+CV41+CX41 -> 0
A42: OLIMELT 15 10 TAB | B42: =IFERROR(VLOOKUP(A42,PRICELIST!$A$3:$D$138,4,0),"-") -> 142.29 | CY42: =C42+E42+G42+I42+K42+M42+O42+Q42+S42+U42+W42+Y42+AA42+AC42+AE42+AG42+AI42+AK42+AM42+AO42+AQ42+AS42+AU42+AW42+AY42+BA42+BC42+BE42+BG42+BI42+BK42+BM42+BO42+BQ42+BS42+BU42+BW42+BY42+CA42+CC42+CE42+CG42+CI42+CK42+CM42+CO42+CQ42+CS42+CU42+CW42 -> 0 | CZ42: =D42+F42+H42+J42+L42+N42+P42+R42+T42+V42+X42+Z42+AB42+AD42+AF42+AH42+AJ42+AL42+AN42+AP42+AR42+AT42+AV42+AX42+AZ42+BB42+BD42+BF42+BH42+BJ42+BL42+BN42+BP42+BR42+BT42+BV42+BX42+BZ42+CB42+CD42+CF42+CH42+CJ42+CL42+CN42+CP42+CR42+CT42+CV42+CX42 -> 0
A43: OLIMELT 2.5 10 TAB | B43: =IFERROR(VLOOKUP(A43,PRICELIST!$A$3:$D$138,4,0),"-") -> 35.36 | CY43: =C43+E43+G43+I43+K43+M43+O43+Q43+S43+U43+W43+Y43+AA43+AC43+AE43+AG43+AI43+AK43+AM43+AO43+AQ43+AS43+AU43+AW43+AY43+BA43+BC43+BE43+BG43+BI43+BK43+BM43+BO43+BQ43+BS43+BU43+BW43+BY43+CA43+CC43+CE43+CG43+CI43+CK43+CM43+CO43+CQ43+CS43+CU43+CW43 -> 0 | CZ43: =D43+F43+H43+J43+L43+N43+P43+R43+T43+V43+X43+Z43+AB43+AD43+AF43+AH43+AJ43+AL43+AN43+AP43+AR43+AT43+AV43+AX43+AZ43+BB43+BD43+BF43+BH43+BJ43+BL43+BN43+BP43+BR43+BT43+BV43+BX43+BZ43+CB43+CD43+CF43+CH43+CJ43+CL43+CN43+CP43+CR43+CT43+CV43+CX43 -> 0
A44: OLIMELT 20 10 TAB | B44: =IFERROR(VLOOKUP(A44,PRICELIST!$A$3:$D$138,4,0),"-") -> 175.18 | CY44: =C44+E44+G44+I44+K44+M44+O44+Q44+S44+U44+W44+Y44+AA44+AC44+AE44+AG44+AI44+AK44+AM44+AO44+AQ44+AS44+AU44+AW44+AY44+BA44+BC44+BE44+BG44+BI44+BK44+BM44+BO44+BQ44+BS44+BU44+BW44+BY44+CA44+CC44+CE44+CG44+CI44+CK44+CM44+CO44+CQ44+CS44+CU44+CW44 -> 0 | CZ44: =D44+F44+H44+J44+L44+N44+P44+R44+T44+V44+X44+Z44+AB44+AD44+AF44+AH44+AJ44+AL44+AN44+AP44+AR44+AT44+AV44+AX44+AZ44+BB44+BD44+BF44+BH44+BJ44+BL44+BN44+BP44+BR44+BT44+BV44+BX44+BZ44+CB44+CD44+CF44+CH44+CJ44+CL44+CN44+CP44+CR44+CT44+CV44+CX44 -> 0
A45: OLIMELT 5 10 TAB (D) | B45: =IFERROR(VLOOKUP(A45,PRICELIST!$A$3:$D$138,4,0),"-") -> 42.72 | CY45: =C45+E45+G45+I45+K45+M45+O45+Q45+S45+U45+W45+Y45+AA45+AC45+AE45+AG45+AI45+AK45+AM45+AO45+AQ45+AS45+AU45+AW45+AY45+BA45+BC45+BE45+BG45+BI45+BK45+BM45+BO45+BQ45+BS45+BU45+BW45+BY45+CA45+CC45+CE45+CG45+CI45+CK45+CM45+CO45+CQ45+CS45+CU45+CW45 -> 0 | CZ45: =D45+F45+H45+J45+L45+N45+P45+R45+T45+V45+X45+Z45+AB45+AD45+AF45+AH45+AJ45+AL45+AN45+AP45+AR45+AT45+AV45+AX45+AZ45+BB45+BD45+BF45+BH45+BJ45+BL45+BN45+BP45+BR45+BT45+BV45+BX45+BZ45+CB45+CD45+CF45+CH45+CJ45+CL45+CN45+CP45+CR45+CT45+CV45+CX45 -> 0
A46: OLIMELT 7.5 10 TAB | B46: =IFERROR(VLOOKUP(A46,PRICELIST!$A$3:$D$138,4,0),"-") -> 84.28 | CY46: =C46+E46+G46+I46+K46+M46+O46+Q46+S46+U46+W46+Y46+AA46+AC46+AE46+AG46+AI46+AK46+AM46+AO46+AQ46+AS46+AU46+AW46+AY46+BA46+BC46+BE46+BG46+BI46+BK46+BM46+BO46+BQ46+BS46+BU46+BW46+BY46+CA46+CC46+CE46+CG46+CI46+CK46+CM46+CO46+CQ46+CS46+CU46+CW46 -> 0 | CZ46: =D46+F46+H46+J46+L46+N46+P46+R46+T46+V46+X46+Z46+AB46+AD46+AF46+AH46+AJ46+AL46+AN46+AP46+AR46+AT46+AV46+AX46+AZ46+BB46+BD46+BF46+BH46+BJ46+BL46+BN46+BP46+BR46+BT46+BV46+BX46+BZ46+CB46+CD46+CF46+CH46+CJ46+CL46+CN46+CP46+CR46+CT46+CV46+CX46 -> 0
A47: OLIMELT GROUP | C47: =SUMPRODUCT($B41:$B46,C41:C46) -> 0 | D47: =SUMPRODUCT($B41:$B46,D41:D46) -> 0 | E47: =SUMPRODUCT($B41:$B46,E41:E46) -> 0 | F47: =SUMPRODUCT($B41:$B46,F41:F46) -> 0 | G47: =SUMPRODUCT($B41:$B46,G41:G46) -> 0 | H47: =SUMPRODUCT($B41:$B46,H41:H46) -> 0 | I47: =SUMPRODUCT($B41:$B46,I41:I46) -> 0 | J47: =SUMPRODUCT($B41:$B46,J41:J46) -> 0 | ... CZ47: =SUMPRODUCT($B41:$B46,CZ41:CZ46) -> 0
A48: PALMIFLAM (10C) | B48: =IFERROR(VLOOKUP(A48,PRICELIST!$A$3:$D$138,4,0),"-") -> 201.26 | CY48: =C48+E48+G48+I48+K48+M48+O48+Q48+S48+U48+W48+Y48+AA48+AC48+AE48+AG48+AI48+AK48+AM48+AO48+AQ48+AS48+AU48+AW48+AY48+BA48+BC48+BE48+BG48+BI48+BK48+BM48+BO48+BQ48+BS48+BU48+BW48+BY48+CA48+CC48+CE48+CG48+CI48+CK48+CM48+CO48+CQ48+CS48+CU48+CW48 -> 0 | CZ48: =D48+F48+H48+J48+L48+N48+P48+R48+T48+V48+X48+Z48+AB48+AD48+AF48+AH48+AJ48+AL48+AN48+AP48+AR48+AT48+AV48+AX48+AZ48+BB48+BD48+BF48+BH48+BJ48+BL48+BN48+BP48+BR48+BT48+BV48+BX48+BZ48+CB48+CD48+CF48+CH48+CJ48+CL48+CN48+CP48+CR48+CT48+CV48+CX48 -> 0
A49: PALMIFLAM | C49: =SUMPRODUCT($B48*C48) -> 0 | D49: =SUMPRODUCT($B48*D48) -> 0 | E49: =SUMPRODUCT($B48*E48) -> 0 | F49: =SUMPRODUCT($B48*F48) -> 0 | G49: =SUMPRODUCT($B48*G48) -> 0 | H49: =SUMPRODUCT($B48*H48) -> 0 | I49: =SUMPRODUCT($B48*I48) -> 0 | J49: =SUMPRODUCT($B48*J48) -> 0 | ... CZ49: =SUMPRODUCT($B48*CZ48) -> 0
A50: PAXINTA CR 12.5 10 TAB | B50: =IFERROR(VLOOKUP(A50,PRICELIST!$A$3:$D$138,4,0),"-") -> 170.19 | CY50: =C50+E50+G50+I50+K50+M50+O50+Q50+S50+U50+W50+Y50+AA50+AC50+AE50+AG50+AI50+AK50+AM50+AO50+AQ50+AS50+AU50+AW50+AY50+BA50+BC50+BE50+BG50+BI50+BK50+BM50+BO50+BQ50+BS50+BU50+BW50+BY50+CA50+CC50+CE50+CG50+CI50+CK50+CM50+CO50+CQ50+CS50+CU50+CW50 -> 0 | CZ50: =D50+F50+H50+J50+L50+N50+P50+R50+T50+V50+X50+Z50+AB50+AD50+AF50+AH50+AJ50+AL50+AN50+AP50+AR50+AT50+AV50+AX50+AZ50+BB50+BD50+BF50+BH50+BJ50+BL50+BN50+BP50+BR50+BT50+BV50+BX50+BZ50+CB50+CD50+CF50+CH50+CJ50+CL50+CN50+CP50+CR50+CT50+CV50+CX50 -> 0
A51: PAXINTA CR 25 10 TAB | B51: =IFERROR(VLOOKUP(A51,PRICELIST!$A$3:$D$138,4,0),"-") -> 209.89 | CY51: =C51+E51+G51+I51+K51+M51+O51+Q51+S51+U51+W51+Y51+AA51+AC51+AE51+AG51+AI51+AK51+AM51+AO51+AQ51+AS51+AU51+AW51+AY51+BA51+BC51+BE51+BG51+BI51+BK51+BM51+BO51+BQ51+BS51+BU51+BW51+BY51+CA51+CC51+CE51+CG51+CI51+CK51+CM51+CO51+CQ51+CS51+CU51+CW51 -> 0 | CZ51: =D51+F51+H51+J51+L51+N51+P51+R51+T51+V51+X51+Z51+AB51+AD51+AF51+AH51+AJ51+AL51+AN51+AP51+AR51+AT51+AV51+AX51+AZ51+BB51+BD51+BF51+BH51+BJ51+BL51+BN51+BP51+BR51+BT51+BV51+BX51+BZ51+CB51+CD51+CF51+CH51+CJ51+CL51+CN51+CP51+CR51+CT51+CV51+CX51 -> 0
A52: PAXINTA CR 37.5 10 TAB | B52: =IFERROR(VLOOKUP(A52,PRICELIST!$A$3:$D$138,4,0),"-") -> 302.79 | CY52: =C52+E52+G52+I52+K52+M52+O52+Q52+S52+U52+W52+Y52+AA52+AC52+AE52+AG52+AI52+AK52+AM52+AO52+AQ52+AS52+AU52+AW52+AY52+BA52+BC52+BE52+BG52+BI52+BK52+BM52+BO52+BQ52+BS52+BU52+BW52+BY52+CA52+CC52+CE52+CG52+CI52+CK52+CM52+CO52+CQ52+CS52+CU52+CW52 -> 0 | CZ52: =D52+F52+H52+J52+L52+N52+P52+R52+T52+V52+X52+Z52+AB52+AD52+AF52+AH52+AJ52+AL52+AN52+AP52+AR52+AT52+AV52+AX52+AZ52+BB52+BD52+BF52+BH52+BJ52+BL52+BN52+BP52+BR52+BT52+BV52+BX52+BZ52+CB52+CD52+CF52+CH52+CJ52+CL52+CN52+CP52+CR52+CT52+CV52+CX52 -> 0
A53: PAXINTA CR | C53: =SUMPRODUCT($B50:$B52,C50:C52) -> 0 | D53: =SUMPRODUCT($B50:$B52,D50:D52) -> 0 | E53: =SUMPRODUCT($B50:$B52,E50:E52) -> 0 | F53: =SUMPRODUCT($B50:$B52,F50:F52) -> 0 | G53: =SUMPRODUCT($B50:$B52,G50:G52) -> 0 | H53: =SUMPRODUCT($B50:$B52,H50:H52) -> 0 | I53: =SUMPRODUCT($B50:$B52,I50:I52) -> 0 | J53: =SUMPRODUCT($B50:$B52,J50:J52) -> 0 | ... CZ53: =SUMPRODUCT($B50:$B52,CZ50:CZ52) -> 0
A54: PREXARON 500MG 10 TAB | B54: =IFERROR(VLOOKUP(A54,PRICELIST!$A$3:$D$138,4,0),"-") -> 508.18 | CY54: =C54+E54+G54+I54+K54+M54+O54+Q54+S54+U54+W54+Y54+AA54+AC54+AE54+AG54+AI54+AK54+AM54+AO54+AQ54+AS54+AU54+AW54+AY54+BA54+BC54+BE54+BG54+BI54+BK54+BM54+BO54+BQ54+BS54+BU54+BW54+BY54+CA54+CC54+CE54+CG54+CI54+CK54+CM54+CO54+CQ54+CS54+CU54+CW54 -> 0 | CZ54: =D54+F54+H54+J54+L54+N54+P54+R54+T54+V54+X54+Z54+AB54+AD54+AF54+AH54+AJ54+AL54+AN54+AP54+AR54+AT54+AV54+AX54+AZ54+BB54+BD54+BF54+BH54+BJ54+BL54+BN54+BP54+BR54+BT54+BV54+BX54+BZ54+CB54+CD54+CF54+CH54+CJ54+CL54+CN54+CP54+CR54+CT54+CV54+CX54 -> 0
A55: PREXARON INJ. 2ML | B55: =IFERROR(VLOOKUP(A55,PRICELIST!$A$3:$D$138,4,0),"-") -> 115.71 | CY55: =C55+E55+G55+I55+K55+M55+O55+Q55+S55+U55+W55+Y55+AA55+AC55+AE55+AG55+AI55+AK55+AM55+AO55+AQ55+AS55+AU55+AW55+AY55+BA55+BC55+BE55+BG55+BI55+BK55+BM55+BO55+BQ55+BS55+BU55+BW55+BY55+CA55+CC55+CE55+CG55+CI55+CK55+CM55+CO55+CQ55+CS55+CU55+CW55 -> 0 | CZ55: =D55+F55+H55+J55+L55+N55+P55+R55+T55+V55+X55+Z55+AB55+AD55+AF55+AH55+AJ55+AL55+AN55+AP55+AR55+AT55+AV55+AX55+AZ55+BB55+BD55+BF55+BH55+BJ55+BL55+BN55+BP55+BR55+BT55+BV55+BX55+BZ55+CB55+CD55+CF55+CH55+CJ55+CL55+CN55+CP55+CR55+CT55+CV55+CX55 -> 0
A56: PREXARON INJ. 4ML | B56: =IFERROR(VLOOKUP(A56,PRICELIST!$A$3:$D$138,4,0),"-") -> 207.64 | CY56: =C56+E56+G56+I56+K56+M56+O56+Q56+S56+U56+W56+Y56+AA56+AC56+AE56+AG56+AI56+AK56+AM56+AO56+AQ56+AS56+AU56+AW56+AY56+BA56+BC56+BE56+BG56+BI56+BK56+BM56+BO56+BQ56+BS56+BU56+BW56+BY56+CA56+CC56+CE56+CG56+CI56+CK56+CM56+CO56+CQ56+CS56+CU56+CW56 -> 0 | CZ56: =D56+F56+H56+J56+L56+N56+P56+R56+T56+V56+X56+Z56+AB56+AD56+AF56+AH56+AJ56+AL56+AN56+AP56+AR56+AT56+AV56+AX56+AZ56+BB56+BD56+BF56+BH56+BJ56+BL56+BN56+BP56+BR56+BT56+BV56+BX56+BZ56+CB56+CD56+CF56+CH56+CJ56+CL56+CN56+CP56+CR56+CT56+CV56+CX56 -> 0
A57: PREXARON PLUS 10 TAB | B57: =IFERROR(VLOOKUP(A57,PRICELIST!$A$3:$D$138,4,0),"-") -> 576.96 | CY57: =C57+E57+G57+I57+K57+M57+O57+Q57+S57+U57+W57+Y57+AA57+AC57+AE57+AG57+AI57+AK57+AM57+AO57+AQ57+AS57+AU57+AW57+AY57+BA57+BC57+BE57+BG57+BI57+BK57+BM57+BO57+BQ57+BS57+BU57+BW57+BY57+CA57+CC57+CE57+CG57+CI57+CK57+CM57+CO57+CQ57+CS57+CU57+CW57 -> 0 | CZ57: =D57+F57+H57+J57+L57+N57+P57+R57+T57+V57+X57+Z57+AB57+AD57+AF57+AH57+AJ57+AL57+AN57+AP57+AR57+AT57+AV57+AX57+AZ57+BB57+BD57+BF57+BH57+BJ57+BL57+BN57+BP57+BR57+BT57+BV57+BX57+BZ57+CB57+CD57+CF57+CH57+CJ57+CL57+CN57+CP57+CR57+CT57+CV57+CX57 -> 0
A58: PREXARON SYRUP 60 ML | B58: =IFERROR(VLOOKUP(A58,PRICELIST!$A$3:$D$138,4,0),"-") -> 635.31 | CY58: =C58+E58+G58+I58+K58+M58+O58+Q58+S58+U58+W58+Y58+AA58+AC58+AE58+AG58+AI58+AK58+AM58+AO58+AQ58+AS58+AU58+AW58+AY58+BA58+BC58+BE58+BG58+BI58+BK58+BM58+BO58+BQ58+BS58+BU58+BW58+BY58+CA58+CC58+CE58+CG58+CI58+CK58+CM58+CO58+CQ58+CS58+CU58+CW58 -> 0 | CZ58: =D58+F58+H58+J58+L58+N58+P58+R58+T58+V58+X58+Z58+AB58+AD58+AF58+AH58+AJ58+AL58+AN58+AP58+AR58+AT58+AV58+AX58+AZ58+BB58+BD58+BF58+BH58+BJ58+BL58+BN58+BP58+BR58+BT58+BV58+BX58+BZ58+CB58+CD58+CF58+CH58+CJ58+CL58+CN58+CP58+CR58+CT58+CV58+CX58 -> 0
A59: PREXARON GROUP | C59: =SUMPRODUCT($B54:$B58,C54:C58) -> 0 | D59: =SUMPRODUCT($B54:$B58,D54:D58) -> 0 | E59: =SUMPRODUCT($B54:$B58,E54:E58) -> 0 | F59: =SUMPRODUCT($B54:$B58,F54:F58) -> 0 | G59: =SUMPRODUCT($B54:$B58,G54:G58) -> 0 | H59: =SUMPRODUCT($B54:$B58,H54:H58) -> 0 | I59: =SUMPRODUCT($B54:$B58,I54:I58) -> 0 | J59: =SUMPRODUCT($B54:$B58,J54:J58) -> 0 | ... CZ59: =SUMPRODUCT($B54:$B58,CZ54:CZ58) -> 0
A60: PROVANOL-SR 20 (10T) | B60: =IFERROR(VLOOKUP(A60,PRICELIST!$A$3:$D$138,4,0),"-") -> 23.41 | CY60: =C60+E60+G60+I60+K60+M60+O60+Q60+S60+U60+W60+Y60+AA60+AC60+AE60+AG60+AI60+AK60+AM60+AO60+AQ60+AS60+AU60+AW60+AY60+BA60+BC60+BE60+BG60+BI60+BK60+BM60+BO60+BQ60+BS60+BU60+BW60+BY60+CA60+CC60+CE60+CG60+CI60+CK60+CM60+CO60+CQ60+CS60+CU60+CW60 -> 0 | CZ60: =D60+F60+H60+J60+L60+N60+P60+R60+T60+V60+X60+Z60+AB60+AD60+AF60+AH60+AJ60+AL60+AN60+AP60+AR60+AT60+AV60+AX60+AZ60+BB60+BD60+BF60+BH60+BJ60+BL60+BN60+BP60+BR60+BT60+BV60+BX60+BZ60+CB60+CD60+CF60+CH60+CJ60+CL60+CN60+CP60+CR60+CT60+CV60+CX60 -> 0
A61: PROVANOL SR -40 10 TAB | B61: =IFERROR(VLOOKUP(A61,PRICELIST!$A$3:$D$138,4,0),"-") -> 23.57 | CY61: =C61+E61+G61+I61+K61+M61+O61+Q61+S61+U61+W61+Y61+AA61+AC61+AE61+AG61+AI61+AK61+AM61+AO61+AQ61+AS61+AU61+AW61+AY61+BA61+BC61+BE61+BG61+BI61+BK61+BM61+BO61+BQ61+BS61+BU61+BW61+BY61+CA61+CC61+CE61+CG61+CI61+CK61+CM61+CO61+CQ61+CS61+CU61+CW61 -> 0 | CZ61: =D61+F61+H61+J61+L61+N61+P61+R61+T61+V61+X61+Z61+AB61+AD61+AF61+AH61+AJ61+AL61+AN61+AP61+AR61+AT61+AV61+AX61+AZ61+BB61+BD61+BF61+BH61+BJ61+BL61+BN61+BP61+BR61+BT61+BV61+BX61+BZ61+CB61+CD61+CF61+CH61+CJ61+CL61+CN61+CP61+CR61+CT61+CV61+CX61 -> 0
A62: PROVANOL SR -60 10 TAB | B62: =IFERROR(VLOOKUP(A62,PRICELIST!$A$3:$D$138,4,0),"-") -> 66.7 | CY62: =C62+E62+G62+I62+K62+M62+O62+Q62+S62+U62+W62+Y62+AA62+AC62+AE62+AG62+AI62+AK62+AM62+AO62+AQ62+AS62+AU62+AW62+AY62+BA62+BC62+BE62+BG62+BI62+BK62+BM62+BO62+BQ62+BS62+BU62+BW62+BY62+CA62+CC62+CE62+CG62+CI62+CK62+CM62+CO62+CQ62+CS62+CU62+CW62 -> 0 | CZ62: =D62+F62+H62+J62+L62+N62+P62+R62+T62+V62+X62+Z62+AB62+AD62+AF62+AH62+AJ62+AL62+AN62+AP62+AR62+AT62+AV62+AX62+AZ62+BB62+BD62+BF62+BH62+BJ62+BL62+BN62+BP62+BR62+BT62+BV62+BX62+BZ62+CB62+CD62+CF62+CH62+CJ62+CL62+CN62+CP62+CR62+CT62+CV62+CX62 -> 0
A63: PROVANOL SR -80 10 TAB | B63: =IFERROR(VLOOKUP(A63,PRICELIST!$A$3:$D$138,4,0),"-") -> 67.82 | CY63: =C63+E63+G63+I63+K63+M63+O63+Q63+S63+U63+W63+Y63+AA63+AC63+AE63+AG63+AI63+AK63+AM63+AO63+AQ63+AS63+AU63+AW63+AY63+BA63+BC63+BE63+BG63+BI63+BK63+BM63+BO63+BQ63+BS63+BU63+BW63+BY63+CA63+CC63+CE63+CG63+CI63+CK63+CM63+CO63+CQ63+CS63+CU63+CW63 -> 0 | CZ63: =D63+F63+H63+J63+L63+N63+P63+R63+T63+V63+X63+Z63+AB63+AD63+AF63+AH63+AJ63+AL63+AN63+AP63+AR63+AT63+AV63+AX63+AZ63+BB63+BD63+BF63+BH63+BJ63+BL63+BN63+BP63+BR63+BT63+BV63+BX63+BZ63+CB63+CD63+CF63+CH63+CJ63+CL63+CN63+CP63+CR63+CT63+CV63+CX63 -> 0
A64: PROVANOL-10 10 TAB (D) | B64: =IFERROR(VLOOKUP(A64,PRICELIST!$A$3:$D$138,4,0),"-") -> 9.58 | CY64: =C64+E64+G64+I64+K64+M64+O64+Q64+S64+U64+W64+Y64+AA64+AC64+AE64+AG64+AI64+AK64+AM64+AO64+AQ64+AS64+AU64+AW64+AY64+BA64+BC64+BE64+BG64+BI64+BK64+BM64+BO64+BQ64+BS64+BU64+BW64+BY64+CA64+CC64+CE64+CG64+CI64+CK64+CM64+CO64+CQ64+CS64+CU64+CW64 -> 0 | CZ64: =D64+F64+H64+J64+L64+N64+P64+R64+T64+V64+X64+Z64+AB64+AD64+AF64+AH64+AJ64+AL64+AN64+AP64+AR64+AT64+AV64+AX64+AZ64+BB64+BD64+BF64+BH64+BJ64+BL64+BN64+BP64+BR64+BT64+BV64+BX64+BZ64+CB64+CD64+CF64+CH64+CJ64+CL64+CN64+CP64+CR64+CT64+CV64+CX64 -> 0
A65: PROVANOL-20 10 TAB | B65: =IFERROR(VLOOKUP(A65,PRICELIST!$A$3:$D$138,4,0),"-") -> 23.41 | CY65: =C65+E65+G65+I65+K65+M65+O65+Q65+S65+U65+W65+Y65+AA65+AC65+AE65+AG65+AI65+AK65+AM65+AO65+AQ65+AS65+AU65+AW65+AY65+BA65+BC65+BE65+BG65+BI65+BK65+BM65+BO65+BQ65+BS65+BU65+BW65+BY65+CA65+CC65+CE65+CG65+CI65+CK65+CM65+CO65+CQ65+CS65+CU65+CW65 -> 0 | CZ65: =D65+F65+H65+J65+L65+N65+P65+R65+T65+V65+X65+Z65+AB65+AD65+AF65+AH65+AJ65+AL65+AN65+AP65+AR65+AT65+AV65+AX65+AZ65+BB65+BD65+BF65+BH65+BJ65+BL65+BN65+BP65+BR65+BT65+BV65+BX65+BZ65+CB65+CD65+CF65+CH65+CJ65+CL65+CN65+CP65+CR65+CT65+CV65+CX65 -> 0
A66: PROVANOL-40 10 TAB (D) | B66: =IFERROR(VLOOKUP(A66,PRICELIST!$A$3:$D$138,4,0),"-") -> 23.57 | CY66: =C66+E66+G66+I66+K66+M66+O66+Q66+S66+U66+W66+Y66+AA66+AC66+AE66+AG66+AI66+AK66+AM66+AO66+AQ66+AS66+AU66+AW66+AY66+BA66+BC66+BE66+BG66+BI66+BK66+BM66+BO66+BQ66+BS66+BU66+BW66+BY66+CA66+CC66+CE66+CG66+CI66+CK66+CM66+CO66+CQ66+CS66+CU66+CW66 -> 0 | CZ66: =D66+F66+H66+J66+L66+N66+P66+R66+T66+V66+X66+Z66+AB66+AD66+AF66+AH66+AJ66+AL66+AN66+AP66+AR66+AT66+AV66+AX66+AZ66+BB66+BD66+BF66+BH66+BJ66+BL66+BN66+BP66+BR66+BT66+BV66+BX66+BZ66+CB66+CD66+CF66+CH66+CJ66+CL66+CN66+CP66+CR66+CT66+CV66+CX66 -> 0
A67: PROVANOL PLUS 10 10 TAB. | B67: =IFERROR(VLOOKUP(A67,PRICELIST!$A$3:$D$138,4,0),"-") -> 132.43 | CY67: =C67+E67+G67+I67+K67+M67+O67+Q67+S67+U67+W67+Y67+AA67+AC67+AE67+AG67+AI67+AK67+AM67+AO67+AQ67+AS67+AU67+AW67+AY67+BA67+BC67+BE67+BG67+BI67+BK67+BM67+BO67+BQ67+BS67+BU67+BW67+BY67+CA67+CC67+CE67+CG67+CI67+CK67+CM67+CO67+CQ67+CS67+CU67+CW67 -> 0 | CZ67: =D67+F67+H67+J67+L67+N67+P67+R67+T67+V67+X67+Z67+AB67+AD67+AF67+AH67+AJ67+AL67+AN67+AP67+AR67+AT67+AV67+AX67+AZ67+BB67+BD67+BF67+BH67+BJ67+BL67+BN67+BP67+BR67+BT67+BV67+BX67+BZ67+CB67+CD67+CF67+CH67+CJ67+CL67+CN67+CP67+CR67+CT67+CV67+CX67 -> 0
A68: PROVANOL PLUS 5 10 TAB | B68: =IFERROR(VLOOKUP(A68,PRICELIST!$A$3:$D$138,4,0),"-") -> 94.7 | CY68: =C68+E68+G68+I68+K68+M68+O68+Q68+S68+U68+W68+Y68+AA68+AC68+AE68+AG68+AI68+AK68+AM68+AO68+AQ68+AS68+AU68+AW68+AY68+BA68+BC68+BE68+BG68+BI68+BK68+BM68+BO68+BQ68+BS68+BU68+BW68+BY68+CA68+CC68+CE68+CG68+CI68+CK68+CM68+CO68+CQ68+CS68+CU68+CW68 -> 0 | CZ68: =D68+F68+H68+J68+L68+N68+P68+R68+T68+V68+X68+Z68+AB68+AD68+AF68+AH68+AJ68+AL68+AN68+AP68+AR68+AT68+AV68+AX68+AZ68+BB68+BD68+BF68+BH68+BJ68+BL68+BN68+BP68+BR68+BT68+BV68+BX68+BZ68+CB68+CD68+CF68+CH68+CJ68+CL68+CN68+CP68+CR68+CT68+CV68+CX68 -> 0
A69: PROVANOL FORTE 0.25 10 TAB | B69: =IFERROR(VLOOKUP(A69,PRICELIST!$A$3:$D$138,4,0),"-") -> 58.82 | CY69: =C69+E69+G69+I69+K69+M69+O69+Q69+S69+U69+W69+Y69+AA69+AC69+AE69+AG69+AI69+AK69+AM69+AO69+AQ69+AS69+AU69+AW69+AY69+BA69+BC69+BE69+BG69+BI69+BK69+BM69+BO69+BQ69+BS69+BU69+BW69+BY69+CA69+CC69+CE69+CG69+CI69+CK69+CM69+CO69+CQ69+CS69+CU69+CW69 -> 0 | CZ69: =D69+F69+H69+J69+L69+N69+P69+R69+T69+V69+X69+Z69+AB69+AD69+AF69+AH69+AJ69+AL69+AN69+AP69+AR69+AT69+AV69+AX69+AZ69+BB69+BD69+BF69+BH69+BJ69+BL69+BN69+BP69+BR69+BT69+BV69+BX69+BZ69+CB69+CD69+CF69+CH69+CJ69+CL69+CN69+CP69+CR69+CT69+CV69+CX69 -> 0
A70: PROVANOL FORTE 0.5 10 TAB | B70: =IFERROR(VLOOKUP(A70,PRICELIST!$A$3:$D$138,4,0),"-") -> 61.39 | CY70: =C70+E70+G70+I70+K70+M70+O70+Q70+S70+U70+W70+Y70+AA70+AC70+AE70+AG70+AI70+AK70+AM70+AO70+AQ70+AS70+AU70+AW70+AY70+BA70+BC70+BE70+BG70+BI70+BK70+BM70+BO70+BQ70+BS70+BU70+BW70+BY70+CA70+CC70+CE70+CG70+CI70+CK70+CM70+CO70+CQ70+CS70+CU70+CW70 -> 0 | CZ70: =D70+F70+H70+J70+L70+N70+P70+R70+T70+V70+X70+Z70+AB70+AD70+AF70+AH70+AJ70+AL70+AN70+AP70+AR70+AT70+AV70+AX70+AZ70+BB70+BD70+BF70+BH70+BJ70+BL70+BN70+BP70+BR70+BT70+BV70+BX70+BZ70+CB70+CD70+CF70+CH70+CJ70+CL70+CN70+CP70+CR70+CT70+CV70+CX70 -> 0
A71: PROVANOL GROUP | C71: =SUMPRODUCT($B60:$B70,C60:C70) -> 0 | D71: =SUMPRODUCT($B60:$B70,D60:D70) -> 0 | E71: =SUMPRODUCT($B60:$B70,E60:E70) -> 0 | F71: =SUMPRODUCT($B60:$B70,F60:F70) -> 0 | G71: =SUMPRODUCT($B60:$B70,G60:G70) -> 0 | H71: =SUMPRODUCT($B60:$B70,H60:H70) -> 0 | I71: =SUMPRODUCT($B60:$B70,I60:I70) -> 0 | J71: =SUMPRODUCT($B60:$B70,J60:J70) -> 0 | ... CZ71: =SUMPRODUCT($B60:$B70,CZ60:CZ70) -> 0
A72: REJUNEX OD 10 CAPS | B72: =IFERROR(VLOOKUP(A72,PRICELIST!$A$3:$D$138,4,0),"-") -> 165.86 | CY72: =C72+E72+G72+I72+K72+M72+O72+Q72+S72+U72+W72+Y72+AA72+AC72+AE72+AG72+AI72+AK72+AM72+AO72+AQ72+AS72+AU72+AW72+AY72+BA72+BC72+BE72+BG72+BI72+BK72+BM72+BO72+BQ72+BS72+BU72+BW72+BY72+CA72+CC72+CE72+CG72+CI72+CK72+CM72+CO72+CQ72+CS72+CU72+CW72 -> 0 | CZ72: =D72+F72+H72+J72+L72+N72+P72+R72+T72+V72+X72+Z72+AB72+AD72+AF72+AH72+AJ72+AL72+AN72+AP72+AR72+AT72+AV72+AX72+AZ72+BB72+BD72+BF72+BH72+BJ72+BL72+BN72+BP72+BR72+BT72+BV72+BX72+BZ72+CB72+CD72+CF72+CH72+CJ72+CL72+CN72+CP72+CR72+CT72+CV72+CX72 -> 0
A73: REJUNEX 10 CAP (SOFTGEL) | B73: =IFERROR(VLOOKUP(A73,PRICELIST!$A$3:$D$138,4,0),"-") -> 82.93 | CY73: =C73+E73+G73+I73+K73+M73+O73+Q73+S73+U73+W73+Y73+AA73+AC73+AE73+AG73+AI73+AK73+AM73+AO73+AQ73+AS73+AU73+AW73+AY73+BA73+BC73+BE73+BG73+BI73+BK73+BM73+BO73+BQ73+BS73+BU73+BW73+BY73+CA73+CC73+CE73+CG73+CI73+CK73+CM73+CO73+CQ73+CS73+CU73+CW73 -> 0 | CZ73: =D73+F73+H73+J73+L73+N73+P73+R73+T73+V73+X73+Z73+AB73+AD73+AF73+AH73+AJ73+AL73+AN73+AP73+AR73+AT73+AV73+AX73+AZ73+BB73+BD73+BF73+BH73+BJ73+BL73+BN73+BP73+BR73+BT73+BV73+BX73+BZ73+CB73+CD73+CF73+CH73+CJ73+CL73+CN73+CP73+CR73+CT73+CV73+CX73 -> 0
A74: REJUNEX FORTE INJ. 2ML | B74: =IFERROR(VLOOKUP(A74,PRICELIST!$A$3:$D$138,4,0),"-") -> 96.43 | CY74: =C74+E74+G74+I74+K74+M74+O74+Q74+S74+U74+W74+Y74+AA74+AC74+AE74+AG74+AI74+AK74+AM74+AO74+AQ74+AS74+AU74+AW74+AY74+BA74+BC74+BE74+BG74+BI74+BK74+BM74+BO74+BQ74+BS74+BU74+BW74+BY74+CA74+CC74+CE74+CG74+CI74+CK74+CM74+CO74+CQ74+CS74+CU74+CW74 -> 0 | CZ74: =D74+F74+H74+J74+L74+N74+P74+R74+T74+V74+X74+Z74+AB74+AD74+AF74+AH74+AJ74+AL74+AN74+AP74+AR74+AT74+AV74+AX74+AZ74+BB74+BD74+BF74+BH74+BJ74+BL74+BN74+BP74+BR74+BT74+BV74+BX74+BZ74+CB74+CD74+CF74+CH74+CJ74+CL74+CN74+CP74+CR74+CT74+CV74+CX74 -> 0
A75: REJUNEX INJ. 1ML | B75: =IFERROR(VLOOKUP(A75,PRICELIST!$A$3:$D$138,4,0),"-") -> 47.57 | CY75: =C75+E75+G75+I75+K75+M75+O75+Q75+S75+U75+W75+Y75+AA75+AC75+AE75+AG75+AI75+AK75+AM75+AO75+AQ75+AS75+AU75+AW75+AY75+BA75+BC75+BE75+BG75+BI75+BK75+BM75+BO75+BQ75+BS75+BU75+BW75+BY75+CA75+CC75+CE75+CG75+CI75+CK75+CM75+CO75+CQ75+CS75+CU75+CW75 -> 0 | CZ75: =D75+F75+H75+J75+L75+N75+P75+R75+T75+V75+X75+Z75+AB75+AD75+AF75+AH75+AJ75+AL75+AN75+AP75+AR75+AT75+AV75+AX75+AZ75+BB75+BD75+BF75+BH75+BJ75+BL75+BN75+BP75+BR75+BT75+BV75+BX75+BZ75+CB75+CD75+CF75+CH75+CJ75+CL75+CN75+CP75+CR75+CT75+CV75+CX75 -> 0
A76: REJUNEX PFS 1ML(SALE) | B76: =IFERROR(VLOOKUP(A76,PRICELIST!$A$3:$D$138,4,0),"-") -> 128.57 | CY76: =C76+E76+G76+I76+K76+M76+O76+Q76+S76+U76+W76+Y76+AA76+AC76+AE76+AG76+AI76+AK76+AM76+AO76+AQ76+AS76+AU76+AW76+AY76+BA76+BC76+BE76+BG76+BI76+BK76+BM76+BO76+BQ76+BS76+BU76+BW76+BY76+CA76+CC76+CE76+CG76+CI76+CK76+CM76+CO76+CQ76+CS76+CU76+CW76 -> 0 | CZ76: =D76+F76+H76+J76+L76+N76+P76+R76+T76+V76+X76+Z76+AB76+AD76+AF76+AH76+AJ76+AL76+AN76+AP76+AR76+AT76+AV76+AX76+AZ76+BB76+BD76+BF76+BH76+BJ76+BL76+BN76+BP76+BR76+BT76+BV76+BX76+BZ76+CB76+CD76+CF76+CH76+CJ76+CL76+CN76+CP76+CR76+CT76+CV76+CX76 -> 0
A77: REJUNEX PLUS NF (10C) | B77: =IFERROR(VLOOKUP(A77,PRICELIST!$A$3:$D$138,4,0),"-") -> 130.5 | CY77: =C77+E77+G77+I77+K77+M77+O77+Q77+S77+U77+W77+Y77+AA77+AC77+AE77+AG77+AI77+AK77+AM77+AO77+AQ77+AS77+AU77+AW77+AY77+BA77+BC77+BE77+BG77+BI77+BK77+BM77+BO77+BQ77+BS77+BU77+BW77+BY77+CA77+CC77+CE77+CG77+CI77+CK77+CM77+CO77+CQ77+CS77+CU77+CW77 -> 0 | CZ77: =D77+F77+H77+J77+L77+N77+P77+R77+T77+V77+X77+Z77+AB77+AD77+AF77+AH77+AJ77+AL77+AN77+AP77+AR77+AT77+AV77+AX77+AZ77+BB77+BD77+BF77+BH77+BJ77+BL77+BN77+BP77+BR77+BT77+BV77+BX77+BZ77+CB77+CD77+CF77+CH77+CJ77+CL77+CN77+CP77+CR77+CT77+CV77+CX77 -> 0
A78: REJUNEX B (10C) | B78: =IFERROR(VLOOKUP(A78,PRICELIST!$A$3:$D$138,4,0),"-") -> 146.89 | CY78: =C78+E78+G78+I78+K78+M78+O78+Q78+S78+U78+W78+Y78+AA78+AC78+AE78+AG78+AI78+AK78+AM78+AO78+AQ78+AS78+AU78+AW78+AY78+BA78+BC78+BE78+BG78+BI78+BK78+BM78+BO78+BQ78+BS78+BU78+BW78+BY78+CA78+CC78+CE78+CG78+CI78+CK78+CM78+CO78+CQ78+CS78+CU78+CW78 -> 0 | CZ78: =D78+F78+H78+J78+L78+N78+P78+R78+T78+V78+X78+Z78+AB78+AD78+AF78+AH78+AJ78+AL78+AN78+AP78+AR78+AT78+AV78+AX78+AZ78+BB78+BD78+BF78+BH78+BJ78+BL78+BN78+BP78+BR78+BT78+BV78+BX78+BZ78+CB78+CD78+CF78+CH78+CJ78+CL78+CN78+CP78+CR78+CT78+CV78+CX78 -> 0
A79: REJUNEX GROUP | C79: =SUMPRODUCT($B72:$B78,C72:C78) -> 0 | D79: =SUMPRODUCT($B72:$B78,D72:D78) -> 0 | E79: =SUMPRODUCT($B72:$B78,E72:E78) -> 0 | F79: =SUMPRODUCT($B72:$B78,F72:F78) -> 0 | G79: =SUMPRODUCT($B72:$B78,G72:G78) -> 0 | H79: =SUMPRODUCT($B72:$B78,H72:H78) -> 0 | I79: =SUMPRODUCT($B72:$B78,I72:I78) -> 0 | J79: =SUMPRODUCT($B72:$B78,J72:J78) -> 0 | ... CZ79: =SUMPRODUCT($B72:$B78,CZ72:CZ78) -> 0
A80: SUNAPRO (2T) | B80: =IFERROR(VLOOKUP(A80,PRICELIST!$A$3:$D$138,4,0),"-") -> 78.75 | CY80: =C80+E80+G80+I80+K80+M80+O80+Q80+S80+U80+W80+Y80+AA80+AC80+AE80+AG80+AI80+AK80+AM80+AO80+AQ80+AS80+AU80+AW80+AY80+BA80+BC80+BE80+BG80+BI80+BK80+BM80+BO80+BQ80+BS80+BU80+BW80+BY80+CA80+CC80+CE80+CG80+CI80+CK80+CM80+CO80+CQ80+CS80+CU80+CW80 -> 0 | CZ80: =D80+F80+H80+J80+L80+N80+P80+R80+T80+V80+X80+Z80+AB80+AD80+AF80+AH80+AJ80+AL80+AN80+AP80+AR80+AT80+AV80+AX80+AZ80+BB80+BD80+BF80+BH80+BJ80+BL80+BN80+BP80+BR80+BT80+BV80+BX80+BZ80+CB80+CD80+CF80+CH80+CJ80+CL80+CN80+CP80+CR80+CT80+CV80+CX80 -> 0
A81: SUNAPRO | C81: =SUMPRODUCT($B80*C80) -> 0 | D81: =SUMPRODUCT($B80*D80) -> 0 | E81: =SUMPRODUCT($B80*E80) -> 0 | F81: =SUMPRODUCT($B80*F80) -> 0 | G81: =SUMPRODUCT($B80*G80) -> 0 | H81: =SUMPRODUCT($B80*H80) -> 0 | I81: =SUMPRODUCT($B80*I80) -> 0 | J81: =SUMPRODUCT($B80*J80) -> 0 | ... CZ81: =SUMPRODUCT($B80*CZ80) -> 0
A82: VENTAB DXT 100 10 TAB | B82: =IFERROR(VLOOKUP(A82,PRICELIST!$A$3:$D$138,4,0),"-") -> 276.11 | CY82: =C82+E82+G82+I82+K82+M82+O82+Q82+S82+U82+W82+Y82+AA82+AC82+AE82+AG82+AI82+AK82+AM82+AO82+AQ82+AS82+AU82+AW82+AY82+BA82+BC82+BE82+BG82+BI82+BK82+BM82+BO82+BQ82+BS82+BU82+BW82+BY82+CA82+CC82+CE82+CG82+CI82+CK82+CM82+CO82+CQ82+CS82+CU82+CW82 -> 0 | CZ82: =D82+F82+H82+J82+L82+N82+P82+R82+T82+V82+X82+Z82+AB82+AD82+AF82+AH82+AJ82+AL82+AN82+AP82+AR82+AT82+AV82+AX82+AZ82+BB82+BD82+BF82+BH82+BJ82+BL82+BN82+BP82+BR82+BT82+BV82+BX82+BZ82+CB82+CD82+CF82+CH82+CJ82+CL82+CN82+CP82+CR82+CT82+CV82+CX82 -> 0
A83: VENTAB DXT 25 10 TAB | B83: =IFERROR(VLOOKUP(A83,PRICELIST!$A$3:$D$138,4,0),"-") -> 75.54 | CY83: =C83+E83+G83+I83+K83+M83+O83+Q83+S83+U83+W83+Y83+AA83+AC83+AE83+AG83+AI83+AK83+AM83+AO83+AQ83+AS83+AU83+AW83+AY83+BA83+BC83+BE83+BG83+BI83+BK83+BM83+BO83+BQ83+BS83+BU83+BW83+BY83+CA83+CC83+CE83+CG83+CI83+CK83+CM83+CO83+CQ83+CS83+CU83+CW83 -> 0 | CZ83: =D83+F83+H83+J83+L83+N83+P83+R83+T83+V83+X83+Z83+AB83+AD83+AF83+AH83+AJ83+AL83+AN83+AP83+AR83+AT83+AV83+AX83+AZ83+BB83+BD83+BF83+BH83+BJ83+BL83+BN83+BP83+BR83+BT83+BV83+BX83+BZ83+CB83+CD83+CF83+CH83+CJ83+CL83+CN83+CP83+CR83+CT83+CV83+CX83 -> 0
A84: VENTAB DXT 50 10 TAB | B84: =IFERROR(VLOOKUP(A84,PRICELIST!$A$3:$D$138,4,0),"-") -> 145.93 | CY84: =C84+E84+G84+I84+K84+M84+O84+Q84+S84+U84+W84+Y84+AA84+AC84+AE84+AG84+AI84+AK84+AM84+AO84+AQ84+AS84+AU84+AW84+AY84+BA84+BC84+BE84+BG84+BI84+BK84+BM84+BO84+BQ84+BS84+BU84+BW84+BY84+CA84+CC84+CE84+CG84+CI84+CK84+CM84+CO84+CQ84+CS84+CU84+CW84 -> 0 | CZ84: =D84+F84+H84+J84+L84+N84+P84+R84+T84+V84+X84+Z84+AB84+AD84+AF84+AH84+AJ84+AL84+AN84+AP84+AR84+AT84+AV84+AX84+AZ84+BB84+BD84+BF84+BH84+BJ84+BL84+BN84+BP84+BR84+BT84+BV84+BX84+BZ84+CB84+CD84+CF84+CH84+CJ84+CL84+CN84+CP84+CR84+CT84+CV84+CX84 -> 0
A85: VENTAB PLUS (10T) | B85: =IFERROR(VLOOKUP(A85,PRICELIST!$A$3:$D$138,4,0),"-") -> 149.79 | CY85: =C85+E85+G85+I85+K85+M85+O85+Q85+S85+U85+W85+Y85+AA85+AC85+AE85+AG85+AI85+AK85+AM85+AO85+AQ85+AS85+AU85+AW85+AY85+BA85+BC85+BE85+BG85+BI85+BK85+BM85+BO85+BQ85+BS85+BU85+BW85+BY85+CA85+CC85+CE85+CG85+CI85+CK85+CM85+CO85+CQ85+CS85+CU85+CW85 -> 0 | CZ85: =D85+F85+H85+J85+L85+N85+P85+R85+T85+V85+X85+Z85+AB85+AD85+AF85+AH85+AJ85+AL85+AN85+AP85+AR85+AT85+AV85+AX85+AZ85+BB85+BD85+BF85+BH85+BJ85+BL85+BN85+BP85+BR85+BT85+BV85+BX85+BZ85+CB85+CD85+CF85+CH85+CJ85+CL85+CN85+CP85+CR85+CT85+CV85+CX85 -> 0
A86: VENTAB PLUS 100 10T SALE | B86: =IFERROR(VLOOKUP(A86,PRICELIST!$A$3:$D$138,4,0),"-") -> 192.86 | CY86: =C86+E86+G86+I86+K86+M86+O86+Q86+S86+U86+W86+Y86+AA86+AC86+AE86+AG86+AI86+AK86+AM86+AO86+AQ86+AS86+AU86+AW86+AY86+BA86+BC86+BE86+BG86+BI86+BK86+BM86+BO86+BQ86+BS86+BU86+BW86+BY86+CA86+CC86+CE86+CG86+CI86+CK86+CM86+CO86+CQ86+CS86+CU86+CW86 -> 0 | CZ86: =D86+F86+H86+J86+L86+N86+P86+R86+T86+V86+X86+Z86+AB86+AD86+AF86+AH86+AJ86+AL86+AN86+AP86+AR86+AT86+AV86+AX86+AZ86+BB86+BD86+BF86+BH86+BJ86+BL86+BN86+BP86+BR86+BT86+BV86+BX86+BZ86+CB86+CD86+CF86+CH86+CJ86+CL86+CN86+CP86+CR86+CT86+CV86+CX86 -> 0
A87: VENTAB LS (10T) | B87: =IFERROR(VLOOKUP(A87,PRICELIST!$A$3:$D$138,4,0),"-") -> 104.79 | CY87: =C87+E87+G87+I87+K87+M87+O87+Q87+S87+U87+W87+Y87+AA87+AC87+AE87+AG87+AI87+AK87+AM87+AO87+AQ87+AS87+AU87+AW87+AY87+BA87+BC87+BE87+BG87+BI87+BK87+BM87+BO87+BQ87+BS87+BU87+BW87+BY87+CA87+CC87+CE87+CG87+CI87+CK87+CM87+CO87+CQ87+CS87+CU87+CW87 -> 0 | CZ87: =D87+F87+H87+J87+L87+N87+P87+R87+T87+V87+X87+Z87+AB87+AD87+AF87+AH87+AJ87+AL87+AN87+AP87+AR87+AT87+AV87+AX87+AZ87+BB87+BD87+BF87+BH87+BJ87+BL87+BN87+BP87+BR87+BT87+BV87+BX87+BZ87+CB87+CD87+CF87+CH87+CJ87+CL87+CN87+CP87+CR87+CT87+CV87+CX87 -> 0
A88: VENTAB DXT GROUP | C88: =SUMPRODUCT($B82:$B87,C82:C87) -> 0 | D88: =SUMPRODUCT($B82:$B87,D82:D87) -> 0 | E88: =SUMPRODUCT($B82:$B87,E82:E87) -> 0 | F88: =SUMPRODUCT($B82:$B87,F82:F87) -> 0 | G88: =SUMPRODUCT($B82:$B87,G82:G87) -> 0 | H88: =SUMPRODUCT($B82:$B87,H82:H87) -> 0 | I88: =SUMPRODUCT($B82:$B87,I82:I87) -> 0 | J88: =SUMPRODUCT($B82:$B87,J82:J87) -> 0 | ... CZ88: =SUMPRODUCT($B82:$B87,CZ82:CZ87) -> 0
A89: VENTAB XL 150 10 TAB | B89: =IFERROR(VLOOKUP(A89,PRICELIST!$A$3:$D$138,4,0),"-") -> 172.53 | CY89: =C89+E89+G89+I89+K89+M89+O89+Q89+S89+U89+W89+Y89+AA89+AC89+AE89+AG89+AI89+AK89+AM89+AO89+AQ89+AS89+AU89+AW89+AY89+BA89+BC89+BE89+BG89+BI89+BK89+BM89+BO89+BQ89+BS89+BU89+BW89+BY89+CA89+CC89+CE89+CG89+CI89+CK89+CM89+CO89+CQ89+CS89+CU89+CW89 -> 0 | CZ89: =D89+F89+H89+J89+L89+N89+P89+R89+T89+V89+X89+Z89+AB89+AD89+AF89+AH89+AJ89+AL89+AN89+AP89+AR89+AT89+AV89+AX89+AZ89+BB89+BD89+BF89+BH89+BJ89+BL89+BN89+BP89+BR89+BT89+BV89+BX89+BZ89+CB89+CD89+CF89+CH89+CJ89+CL89+CN89+CP89+CR89+CT89+CV89+CX89 -> 0
A90: VENTAB XL 37.5 10 TAB | B90: =IFERROR(VLOOKUP(A90,PRICELIST!$A$3:$D$138,4,0),"-") -> 50.46 | CY90: =C90+E90+G90+I90+K90+M90+O90+Q90+S90+U90+W90+Y90+AA90+AC90+AE90+AG90+AI90+AK90+AM90+AO90+AQ90+AS90+AU90+AW90+AY90+BA90+BC90+BE90+BG90+BI90+BK90+BM90+BO90+BQ90+BS90+BU90+BW90+BY90+CA90+CC90+CE90+CG90+CI90+CK90+CM90+CO90+CQ90+CS90+CU90+CW90 -> 0 | CZ90: =D90+F90+H90+J90+L90+N90+P90+R90+T90+V90+X90+Z90+AB90+AD90+AF90+AH90+AJ90+AL90+AN90+AP90+AR90+AT90+AV90+AX90+AZ90+BB90+BD90+BF90+BH90+BJ90+BL90+BN90+BP90+BR90+BT90+BV90+BX90+BZ90+CB90+CD90+CF90+CH90+CJ90+CL90+CN90+CP90+CR90+CT90+CV90+CX90 -> 0
A91: VENTAB XL 75 10 TAB | B91: =IFERROR(VLOOKUP(A91,PRICELIST!$A$3:$D$138,4,0),"-") -> 99.64 | CY91: =C91+E91+G91+I91+K91+M91+O91+Q91+S91+U91+W91+Y91+AA91+AC91+AE91+AG91+AI91+AK91+AM91+AO91+AQ91+AS91+AU91+AW91+AY91+BA91+BC91+BE91+BG91+BI91+BK91+BM91+BO91+BQ91+BS91+BU91+BW91+BY91+CA91+CC91+CE91+CG91+CI91+CK91+CM91+CO91+CQ91+CS91+CU91+CW91 -> 0 | CZ91: =D91+F91+H91+J91+L91+N91+P91+R91+T91+V91+X91+Z91+AB91+AD91+AF91+AH91+AJ91+AL91+AN91+AP91+AR91+AT91+AV91+AX91+AZ91+BB91+BD91+BF91+BH91+BJ91+BL91+BN91+BP91+BR91+BT91+BV91+BX91+BZ91+CB91+CD91+CF91+CH91+CJ91+CL91+CN91+CP91+CR91+CT91+CV91+CX91 -> 0
A92: VENTAB XL | C92: =SUMPRODUCT($B89:$B91,C89:C91) -> 0 | D92: =SUMPRODUCT($B89:$B91,D89:D91) -> 0 | E92: =SUMPRODUCT($B89:$B91,E89:E91) -> 0 | F92: =SUMPRODUCT($B89:$B91,F89:F91) -> 0 | G92: =SUMPRODUCT($B89:$B91,G89:G91) -> 0 | H92: =SUMPRODUCT($B89:$B91,H89:H91) -> 0 | I92: =SUMPRODUCT($B89:$B91,I89:I91) -> 0 | J92: =SUMPRODUCT($B89:$B91,J89:J91) -> 0 | ... CZ92: =SUMPRODUCT($B89:$B91,CZ89:CZ91) -> 0
A93: VILAZINE 20 10 TABLETS | B93: =IFERROR(VLOOKUP(A93,PRICELIST!$A$3:$D$138,4,0),"-") -> 140.14 | CY93: =C93+E93+G93+I93+K93+M93+O93+Q93+S93+U93+W93+Y93+AA93+AC93+AE93+AG93+AI93+AK93+AM93+AO93+AQ93+AS93+AU93+AW93+AY93+BA93+BC93+BE93+BG93+BI93+BK93+BM93+BO93+BQ93+BS93+BU93+BW93+BY93+CA93+CC93+CE93+CG93+CI93+CK93+CM93+CO93+CQ93+CS93+CU93+CW93 -> 0 | CZ93: =D93+F93+H93+J93+L93+N93+P93+R93+T93+V93+X93+Z93+AB93+AD93+AF93+AH93+AJ93+AL93+AN93+AP93+AR93+AT93+AV93+AX93+AZ93+BB93+BD93+BF93+BH93+BJ93+BL93+BN93+BP93+BR93+BT93+BV93+BX93+BZ93+CB93+CD93+CF93+CH93+CJ93+CL93+CN93+CP93+CR93+CT93+CV93+CX93 -> 0
A94: VILAZINE 40 10 TABLETS | B94: =IFERROR(VLOOKUP(A94,PRICELIST!$A$3:$D$138,4,0),"-") -> 203.14 | CY94: =C94+E94+G94+I94+K94+M94+O94+Q94+S94+U94+W94+Y94+AA94+AC94+AE94+AG94+AI94+AK94+AM94+AO94+AQ94+AS94+AU94+AW94+AY94+BA94+BC94+BE94+BG94+BI94+BK94+BM94+BO94+BQ94+BS94+BU94+BW94+BY94+CA94+CC94+CE94+CG94+CI94+CK94+CM94+CO94+CQ94+CS94+CU94+CW94 -> 0 | CZ94: =D94+F94+H94+J94+L94+N94+P94+R94+T94+V94+X94+Z94+AB94+AD94+AF94+AH94+AJ94+AL94+AN94+AP94+AR94+AT94+AV94+AX94+AZ94+BB94+BD94+BF94+BH94+BJ94+BL94+BN94+BP94+BR94+BT94+BV94+BX94+BZ94+CB94+CD94+CF94+CH94+CJ94+CL94+CN94+CP94+CR94+CT94+CV94+CX94 -> 0
A95: VILAZINE | C95: =SUMPRODUCT($B93:$B94,C93:C94) -> 0 | D95: =SUMPRODUCT($B93:$B94,D93:D94) -> 0 | E95: =SUMPRODUCT($B93:$B94,E93:E94) -> 0 | F95: =SUMPRODUCT($B93:$B94,F93:F94) -> 0 | G95: =SUMPRODUCT($B93:$B94,G93:G94) -> 0 | H95: =SUMPRODUCT($B93:$B94,H93:H94) -> 0 | I95: =SUMPRODUCT($B93:$B94,I93:I94) -> 0 | J95: =SUMPRODUCT($B93:$B94,J93:J94) -> 0 | ... CZ95: =SUMPRODUCT($B93:$B94,CZ93:CZ94) -> 0
A96: ZAPTRA 12.5 15 TAB | B96: =IFERROR(VLOOKUP(A96,PRICELIST!$A$3:$D$138,4,0),"-") -> 201.54 | CY96: =C96+E96+G96+I96+K96+M96+O96+Q96+S96+U96+W96+Y96+AA96+AC96+AE96+AG96+AI96+AK96+AM96+AO96+AQ96+AS96+AU96+AW96+AY96+BA96+BC96+BE96+BG96+BI96+BK96+BM96+BO96+BQ96+BS96+BU96+BW96+BY96+CA96+CC96+CE96+CG96+CI96+CK96+CM96+CO96+CQ96+CS96+CU96+CW96 -> 0 | CZ96: =D96+F96+H96+J96+L96+N96+P96+R96+T96+V96+X96+Z96+AB96+AD96+AF96+AH96+AJ96+AL96+AN96+AP96+AR96+AT96+AV96+AX96+AZ96+BB96+BD96+BF96+BH96+BJ96+BL96+BN96+BP96+BR96+BT96+BV96+BX96+BZ96+CB96+CD96+CF96+CH96+CJ96+CL96+CN96+CP96+CR96+CT96+CV96+CX96 -> 0
A97: ZAPTRA 25 15 TAB | B97: =IFERROR(VLOOKUP(A97,PRICELIST!$A$3:$D$138,4,0),"-") -> 225.64 | CY97: =C97+E97+G97+I97+K97+M97+O97+Q97+S97+U97+W97+Y97+AA97+AC97+AE97+AG97+AI97+AK97+AM97+AO97+AQ97+AS97+AU97+AW97+AY97+BA97+BC97+BE97+BG97+BI97+BK97+BM97+BO97+BQ97+BS97+BU97+BW97+BY97+CA97+CC97+CE97+CG97+CI97+CK97+CM97+CO97+CQ97+CS97+CU97+CW97 -> 0 | CZ97: =D97+F97+H97+J97+L97+N97+P97+R97+T97+V97+X97+Z97+AB97+AD97+AF97+AH97+AJ97+AL97+AN97+AP97+AR97+AT97+AV97+AX97+AZ97+BB97+BD97+BF97+BH97+BJ97+BL97+BN97+BP97+BR97+BT97+BV97+BX97+BZ97+CB97+CD97+CF97+CH97+CJ97+CL97+CN97+CP97+CR97+CT97+CV97+CX97 -> 0
A98: ZAPTRA LS 12.5 15 CAP | B98: =IFERROR(VLOOKUP(A98,PRICELIST!$A$3:$D$138,4,0),"-") -> 198.64 | CY98: =C98+E98+G98+I98+K98+M98+O98+Q98+S98+U98+W98+Y98+AA98+AC98+AE98+AG98+AI98+AK98+AM98+AO98+AQ98+AS98+AU98+AW98+AY98+BA98+BC98+BE98+BG98+BI98+BK98+BM98+BO98+BQ98+BS98+BU98+BW98+BY98+CA98+CC98+CE98+CG98+CI98+CK98+CM98+CO98+CQ98+CS98+CU98+CW98 -> 0 | CZ98: =D98+F98+H98+J98+L98+N98+P98+R98+T98+V98+X98+Z98+AB98+AD98+AF98+AH98+AJ98+AL98+AN98+AP98+AR98+AT98+AV98+AX98+AZ98+BB98+BD98+BF98+BH98+BJ98+BL98+BN98+BP98+BR98+BT98+BV98+BX98+BZ98+CB98+CD98+CF98+CH98+CJ98+CL98+CN98+CP98+CR98+CT98+CV98+CX98 -> 0
A99: ZAPTRA | C99: =SUMPRODUCT($B96:$B98,C96:C98) -> 0 | D99: =SUMPRODUCT($B96:$B98,D96:D98) -> 0 | E99: =SUMPRODUCT($B96:$B98,E96:E98) -> 0 | F99: =SUMPRODUCT($B96:$B98,F96:F98) -> 0 | G99: =SUMPRODUCT($B96:$B98,G96:G98) -> 0 | H99: =SUMPRODUCT($B96:$B98,H96:H98) -> 0 | I99: =SUMPRODUCT($B96:$B98,I96:I98) -> 0 | J99: =SUMPRODUCT($B96:$B98,J96:J98) -> 0 | ... CZ99: =SUMPRODUCT($B96:$B98,CZ96:CZ98) -> 0
A100: ETILAAM 0.25 15TAB | B100: =IFERROR(VLOOKUP(A100,PRICELIST!$A$3:$D$138,4,0),"-") -> 52.46 | G100: 46 | H100: 39 | CY100: =C100+E100+G100+I100+K100+M100+O100+Q100+S100+U100+W100+Y100+AA100+AC100+AE100+AG100+AI100+AK100+AM100+AO100+AQ100+AS100+AU100+AW100+AY100+BA100+BC100+BE100+BG100+BI100+BK100+BM100+BO100+BQ100+BS100+BU100+BW100+BY100+CA100+CC100+CE100+CG100+CI100+CK100+CM100+CO100+CQ100+CS100+CU100+CW100 -> 46 | CZ100: =D100+F100+H100+J100+L100+N100+P100+R100+T100+V100+X100+Z100+AB100+AD100+AF100+AH100+AJ100+AL100+AN100+AP100+AR100+AT100+AV100+AX100+AZ100+BB100+BD100+BF100+BH100+BJ100+BL100+BN100+BP100+BR100+BT100+BV100+BX100+BZ100+CB100+CD100+CF100+CH100+CJ100+CL100+CN100+CP100+CR100+CT100+CV100+CX100 -> 39
...

Sheet JUN
A1: BRANDS | C1: =APRIL!C1 -> VASU PHARMA DRUGS PVT LTD | E1: =APRIL!E1 -> PRAKASH PHARMA DISTRIBUTORS | G1: =APRIL!G1 -> Divya Pharma | I1: =APRIL!I1 -> KEIMED PRIVATE LIMITED | K1: =APRIL!K1 -> SAI SRIDHAR PHARMA PVT LTD | M1: =APRIL!M1 -> SRI VENKATARAGHAVA AGENCIES | O1: =APRIL!O1 -> SHREEJI DIST PVT LTD | Q1: =APRIL!Q1 -> SVS PHARMA | S1: =APRIL!S1 -> PHARMA DISTRIBUTORS | U1: =APRIL!U1 -> SAI PHARMA DISTRIBUTERS PVT LTD | W1: =APRIL!W1 -> ALANKRITA AGENCIES | Y1: =APRIL!Y1 -> JAYA SURG & PHARMA PVT LTD | AA1: =APRIL!AA1 -> MANASA MEDICAL AGENCIES | AC1: =APRIL!AC1 -> KARTHICK AGENCIES | AE1: =APRIL!AE1 -> NIRMALA AGENCIES | AG1: =APRIL!AG1 -> HIMALAYA MEDICAL AGENCIES | AI1: =APRIL!AI1 -> Maruthi | AK1: =APRIL!AK1 -> LAXMI SAI MEDICAL AGENCIES | AM1: =APRIL!AM1 -> Patwari Pharma | AO1: =APRIL!AO1 -> Vishnu & Co | AQ1: =APRIL!AQ1 -> SUMAN AGENCIES HYD PVT LTD | AS1: =APRIL!AS1 -> Sri Nirmala | AU1: =APRIL!AU1 -> SHREE SHARADA PHARMA | AW1: =APRIL!AW1 -> ALLIED PHARMA | AY1: =APRIL!AY1 -> GOEL DISTRIBUTER | BA1: =APRIL!BA1 -> KAMALESH PHARMA | BC1: =APRIL!BC1 -> ARVIND PHARMA DISTRIBUTER | BE1: =APRIL!BE1 -> GOEL PHARMA | BG1: =APRIL!BG1 -> KRISHNA PHARMACEUTICALS | BI1: =APRIL!BI1 -> AP DRUGS | BK1: =APRIL!BK1 -> MAWA PHARMACEUTICALS | BM1: =APRIL!BM1 -> TIRUMALA AGENCIES | BO1: =APRIL!BO1 -> SREE HARI MEDICALS | BQ1: =APRIL!BQ1 -> SREE VENKATESHWARA MEDISOLUTIONS | BS1: =APRIL!BS1 -> SRI BALAJI DRUGS | BU1: =APRIL!BU1 -> VISHNU MEDICAL HALL | BW1: =APRIL!BW1 -> HYDERABAD SPECIALITY DRUGS | BY1: =APRIL!BY1 -> LORVEN PHARMA & SURGICALS (CORP) | CA1: =APRIL!CA1 -> AK PHARMA | CC1: =APRIL!CC1 -> OPTIVAL HEALTHSOLUTIONS | CE1: =APRIL!CE1 -> BALAJI MEDICAL AGENCIES | CG1: =APRIL!CG1 -> S42 | CI1: =APRIL!CI1 -> S43 | CK1: =APRIL!CK1 -> S44 | CM1: =APRIL!CM1 -> S45 | CO1: =APRIL!CO1 -> S46 | CQ1: =APRIL!CQ1 -> S47 | CS1: =APRIL!CS1 -> S48 | CU1: =APRIL!CU1 -> S49 | CW1: =APRIL!CW1 -> S50 | CY1: BE TOTAL
B2: PTS | C2: Sale (Units) | D2: Closing Stock (Units) | E2: Sale (Units) | F2: Closing Stock (Units) | G2: Sale (Units) | H2: Closing Stock (Units) | I2: Sale (Units) | J2: Closing Stock (Units) | K2: Sale (Units) | L2: Closing Stock (Units) | M2: Sale (Units) | N2: Closing Stock (Units) | O2: Sale (Units) | P2: Closing Stock (Units) | Q2: Sale (Units) | R2: Closing Stock (Units) | S2: Sale (Units) | T2: Closing Stock (Units) | U2: Sale (Units) | V2: Closing Stock (Units) | W2: Sale (Units) | X2: Closing Stock (Units) | Y2: Sale (Units) | Z2: Closing Stock (Units) | AA2: Sale (Units) | AB2: Closing Stock (Units) | AC2: Sale (Units) | AD2: Closing Stock (Units) | AE2: Sale (Units) | AF2: Closing Stock (Units) | AG2: Sale (Units) | AH2: Closing Stock (Units) | AI2: Sale (Units) | AJ2: Closing Stock (Units) | AK2: Sale (Units) | AL2: Closing Stock (Units) | AM2: Sale (Units) | AN2: Closing Stock (Units) | AO2: Sale (Units) | AP2: Closing Stock (Units) | AQ2: Sale (Units) | AR2: Closing Stock (Units) | AS2: Sale (Units) | AT2: Closing Stock (Units) | AU2: Sale (Units) | AV2: Closing Stock (Units) | AW2: Sale (Units) | AX2: Closing Stock (Units) | AY2: Sale (Units) | AZ2: Closing Stock (Units) | BA2: Sale (Units) | BB2: Closing Stock (Units) | BC2: Sale (Units) | BD2: Closing Stock (Units) | BE2: Sale (Units) | BF2: Closing Stock (Units) | BG2: Sale (Units) | BH2: Closing Stock (Units) | BI2: Sale (Units) | BJ2: Closing Stock (Units) | BK2: Sale (Units) | BL2: Closing Stock (Units) | BM2: Sale (Units) | BN2: Closing Stock (Units) | BO2: Sale (Units) | BP2: Closing Stock (Units) | BQ2: Sale (Units) | BR2: Closing Stock (Units) | BS2: Sale (Units) | BT2: Closing Stock (Units) | BU2: Sale (Units) | BV2: Closing Stock (Units) | BW2: Sale (Units) | BX2: Closing Stock (Units) | BY2: Sale (Units) | BZ2: Closing Stock (Units) | CA2: Sale (Units) | CB2: Closing Stock (Units) | CC2: Sale (Units) | CD2: Closing Stock (Units) | CE2: Sale (Units) | CF2: Closing Stock (Units) | CG2: Sale (Units) | CH2: Closing Stock (Units) | CI2: Sale (Units) | CJ2: Closing Stock (Units) | CK2: Sale (Units) | CL2: Closing Stock (Units) | CM2: Sale (Units) | CN2: Closing Stock (Units) | CO2: Sale (Units) | CP2: Closing Stock (Units) | CQ2: Sale (Units) | CR2: Closing Stock (Units) | CS2: Sale (Units) | CT2: Closing Stock (Units) | CU2: Sale (Units) | CV2: Closing Stock (Units) | CW2: Sale (Units) | CX2: Closing Stock (Units) | CY2: Sale (Units) | CZ2: Closing Stock (Units)
A3: ALZIL - SR 23 10 TAB | B3: =IFERROR(VLOOKUP(A3,PRICELIST!$A$3:$D$138,4,0),"-") -> 167.79 | CY3: =C3+E3+G3+I3+K3+M3+O3+Q3+S3+U3+W3+Y3+AA3+AC3+AE3+AG3+AI3+AK3+AM3+AO3+AQ3+AS3+AU3+AW3+AY3+BA3+BC3+BE3+BG3+BI3+BK3+BM3+BO3+BQ3+BS3+BU3+BW3+BY3+CA3+CC3+CE3+CG3+CI3+CK3+CM3+CO3+CQ3+CS3+CU3+CW3 -> 0 | CZ3: =D3+F3+H3+J3+L3+N3+P3+R3+T3+V3+X3+Z3+AB3+AD3+AF3+AH3+AJ3+AL3+AN3+AP3+AR3+AT3+AV3+AX3+AZ3+BB3+BD3+BF3+BH3+BJ3+BL3+BN3+BP3+BR3+BT3+BV3+BX3+BZ3+CB3+CD3+CF3+CH3+CJ3+CL3+CN3+CP3+CR3+CT3+CV3+CX3 -> 0
A4: ALZIL- SR 11.5 10 TAB | B4: =IFERROR(VLOOKUP(A4,PRICELIST!$A$3:$D$138,4,0),"-") -> 112.5 | CY4: =C4+E4+G4+I4+K4+M4+O4+Q4+S4+U4+W4+Y4+AA4+AC4+AE4+AG4+AI4+AK4+AM4+AO4+AQ4+AS4+AU4+AW4+AY4+BA4+BC4+BE4+BG4+BI4+BK4+BM4+BO4+BQ4+BS4+BU4+BW4+BY4+CA4+CC4+CE4+CG4+CI4+CK4+CM4+CO4+CQ4+CS4+CU4+CW4 -> 0 | CZ4: =D4+F4+H4+J4+L4+N4+P4+R4+T4+V4+X4+Z4+AB4+AD4+AF4+AH4+AJ4+AL4+AN4+AP4+AR4+AT4+AV4+AX4+AZ4+BB4+BD4+BF4+BH4+BJ4+BL4+BN4+BP4+BR4+BT4+BV4+BX4+BZ4+CB4+CD4+CF4+CH4+CJ4+CL4+CN4+CP4+CR4+CT4+CV4+CX4 -> 0
A5: ALZIL-10 10 TAB | B5: =IFERROR(VLOOKUP(A5,PRICELIST!$A$3:$D$138,4,0),"-") -> 127.87 | CY5: =C5+E5+G5+I5+K5+M5+O5+Q5+S5+U5+W5+Y5+AA5+AC5+AE5+AG5+AI5+AK5+AM5+AO5+AQ5+AS5+AU5+AW5+AY5+BA5+BC5+BE5+BG5+BI5+BK5+BM5+BO5+BQ5+BS5+BU5+BW5+BY5+CA5+CC5+CE5+CG5+CI5+CK5+CM5+CO5+CQ5+CS5+CU5+CW5 -> 0 | CZ5: =D5+F5+H5+J5+L5+N5+P5+R5+T5+V5+X5+Z5+AB5+AD5+AF5+AH5+AJ5+AL5+AN5+AP5+AR5+AT5+AV5+AX5+AZ5+BB5+BD5+BF5+BH5+BJ5+BL5+BN5+BP5+BR5+BT5+BV5+BX5+BZ5+CB5+CD5+CF5+CH5+CJ5+CL5+CN5+CP5+CR5+CT5+CV5+CX5 -> 0
A6: ALZIL-5 10 TAB | B6: =IFERROR(VLOOKUP(A6,PRICELIST!$A$3:$D$138,4,0),"-") -> 88.7 | CY6: =C6+E6+G6+I6+K6+M6+O6+Q6+S6+U6+W6+Y6+AA6+AC6+AE6+AG6+AI6+AK6+AM6+AO6+AQ6+AS6+AU6+AW6+AY6+BA6+BC6+BE6+BG6+BI6+BK6+BM6+BO6+BQ6+BS6+BU6+BW6+BY6+CA6+CC6+CE6+CG6+CI6+CK6+CM6+CO6+CQ6+CS6+CU6+CW6 -> 0 | CZ6: =D6+F6+H6+J6+L6+N6+P6+R6+T6+V6+X6+Z6+AB6+AD6+AF6+AH6+AJ6+AL6+AN6+AP6+AR6+AT6+AV6+AX6+AZ6+BB6+BD6+BF6+BH6+BJ6+BL6+BN6+BP6+BR6+BT6+BV6+BX6+BZ6+CB6+CD6+CF6+CH6+CJ6+CL6+CN6+CP6+CR6+CT6+CV6+CX6 -> 0
A7: ALZIL M FORTE 10 TAB | B7: =IFERROR(VLOOKUP(A7,PRICELIST!$A$3:$D$138,4,0),"-") -> 171.64 | CY7: =C7+E7+G7+I7+K7+M7+O7+Q7+S7+U7+W7+Y7+AA7+AC7+AE7+AG7+AI7+AK7+AM7+AO7+AQ7+AS7+AU7+AW7+AY7+BA7+BC7+BE7+BG7+BI7+BK7+BM7+BO7+BQ7+BS7+BU7+BW7+BY7+CA7+CC7+CE7+CG7+CI7+CK7+CM7+CO7+CQ7+CS7+CU7+CW7 -> 0 | CZ7: =D7+F7+H7+J7+L7+N7+P7+R7+T7+V7+X7+Z7+AB7+AD7+AF7+AH7+AJ7+AL7+AN7+AP7+AR7+AT7+AV7+AX7+AZ7+BB7+BD7+BF7+BH7+BJ7+BL7+BN7+BP7+BR7+BT7+BV7+BX7+BZ7+CB7+CD7+CF7+CH7+CJ7+CL7+CN7+CP7+CR7+CT7+CV7+CX7 -> 0
A8: ALZIL-M 10 10 TAB | B8: =IFERROR(VLOOKUP(A8,PRICELIST!$A$3:$D$138,4,0),"-") -> 216 | CY8: =C8+E8+G8+I8+K8+M8+O8+Q8+S8+U8+W8+Y8+AA8+AC8+AE8+AG8+AI8+AK8+AM8+AO8+AQ8+AS8+AU8+AW8+AY8+BA8+BC8+BE8+BG8+BI8+BK8+BM8+BO8+BQ8+BS8+BU8+BW8+BY8+CA8+CC8+CE8+CG8+CI8+CK8+CM8+CO8+CQ8+CS8+CU8+CW8 -> 0 | CZ8: =D8+F8+H8+J8+L8+N8+P8+R8+T8+V8+X8+Z8+AB8+AD8+AF8+AH8+AJ8+AL8+AN8+AP8+AR8+AT8+AV8+AX8+AZ8+BB8+BD8+BF8+BH8+BJ8+BL8+BN8+BP8+BR8+BT8+BV8+BX8+BZ8+CB8+CD8+CF8+CH8+CJ8+CL8+CN8+CP8+CR8+CT8+CV8+CX8 -> 0
A9: ALZIL-M 5 10 TAB | B9: =IFERROR(VLOOKUP(A9,PRICELIST!$A$3:$D$138,4,0),"-") -> 163.93 | CY9: =C9+E9+G9+I9+K9+M9+O9+Q9+S9+U9+W9+Y9+AA9+AC9+AE9+AG9+AI9+AK9+AM9+AO9+AQ9+AS9+AU9+AW9+AY9+BA9+BC9+BE9+BG9+BI9+BK9+BM9+BO9+BQ9+BS9+BU9+BW9+BY9+CA9+CC9+CE9+CG9+CI9+CK9+CM9+CO9+CQ9+CS9+CU9+CW9 -> 0 | CZ9: =D9+F9+H9+J9+L9+N9+P9+R9+T9+V9+X9+Z9+AB9+AD9+AF9+AH9+AJ9+AL9+AN9+AP9+AR9+AT9+AV9+AX9+AZ9+BB9+BD9+BF9+BH9+BJ9+BL9+BN9+BP9+BR9+BT9+BV9+BX9+BZ9+CB9+CD9+CF9+CH9+CJ9+CL9+CN9+CP9+CR9+CT9+CV9+CX9 -> 0
A10: ALZIL GROUP | C10: =SUMPRODUCT($B3:$B9,C3:C9) -> 0 | D10: =SUMPRODUCT($B3:$B9,D3:D9) -> 0 | E10: =SUMPRODUCT($B3:$B9,E3:E9) -> 0 | F10: =SUMPRODUCT($B3:$B9,F3:F9) -> 0 | G10: =SUMPRODUCT($B3:$B9,G3:G9) -> 0 | H10: =SUMPRODUCT($B3:$B9,H3:H9) -> 0 | I10: =SUMPRODUCT($B3:$B9,I3:I9) -> 0 | J10: =SUMPRODUCT($B3:$B9,J3:J9) -> 0 | ... CZ10: =SUMPRODUCT($B3:$B9,CZ3:CZ9) -> 0
A11: BRIVAZEN 100 (15T) | B11: =IFERROR(VLOOKUP(A11,PRICELIST!$A$3:$D$138,4,0),"-") -> 432.21 | CY11: =C11+E11+G11+I11+K11+M11+O11+Q11+S11+U11+W11+Y11+AA11+AC11+AE11+AG11+AI11+AK11+AM11+AO11+AQ11+AS11+AU11+AW11+AY11+BA11+BC11+BE11+BG11+BI11+BK11+BM11+BO11+BQ11+BS11+BU11+BW11+BY11+CA11+CC11+CE11+CG11+CI11+CK11+CM11+CO11+CQ11+CS11+CU11+CW11 -> 0 | CZ11: =D11+F11+H11+J11+L11+N11+P11+R11+T11+V11+X11+Z11+AB11+AD11+AF11+AH11+AJ11+AL11+AN11+AP11+AR11+AT11+AV11+AX11+AZ11+BB11+BD11+BF11+BH11+BJ11+BL11+BN11+BP11+BR11+BT11+BV11+BX11+BZ11+CB11+CD11+CF11+CH11+CJ11+CL11+CN11+CP11+CR11+CT11+CV11+CX11 -> 0
A12: BRIVAZEN 25 (15T) | B12: =IFERROR(VLOOKUP(A12,PRICELIST!$A$3:$D$138,4,0),"-") -> 107.11 | CY12: =C12+E12+G12+I12+K12+M12+O12+Q12+S12+U12+W12+Y12+AA12+AC12+AE12+AG12+AI12+AK12+AM12+AO12+AQ12+AS12+AU12+AW12+AY12+BA12+BC12+BE12+BG12+BI12+BK12+BM12+BO12+BQ12+BS12+BU12+BW12+BY12+CA12+CC12+CE12+CG12+CI12+CK12+CM12+CO12+CQ12+CS12+CU12+CW12 -> 0 | CZ12: =D12+F12+H12+J12+L12+N12+P12+R12+T12+V12+X12+Z12+AB12+AD12+AF12+AH12+AJ12+AL12+AN12+AP12+AR12+AT12+AV12+AX12+AZ12+BB12+BD12+BF12+BH12+BJ12+BL12+BN12+BP12+BR12+BT12+BV12+BX12+BZ12+CB12+CD12+CF12+CH12+CJ12+CL12+CN12+CP12+CR12+CT12+CV12+CX12 -> 0
A13: BRIVAZEN 50 (15T) | B13: =IFERROR(VLOOKUP(A13,PRICELIST!$A$3:$D$138,4,0),"-") -> 205.07 | CY13: =C13+E13+G13+I13+K13+M13+O13+Q13+S13+U13+W13+Y13+AA13+AC13+AE13+AG13+AI13+AK13+AM13+AO13+AQ13+AS13+AU13+AW13+AY13+BA13+BC13+BE13+BG13+BI13+BK13+BM13+BO13+BQ13+BS13+BU13+BW13+BY13+CA13+CC13+CE13+CG13+CI13+CK13+CM13+CO13+CQ13+CS13+CU13+CW13 -> 0 | CZ13: =D13+F13+H13+J13+L13+N13+P13+R13+T13+V13+X13+Z13+AB13+AD13+AF13+AH13+AJ13+AL13+AN13+AP13+AR13+AT13+AV13+AX13+AZ13+BB13+BD13+BF13+BH13+BJ13+BL13+BN13+BP13+BR13+BT13+BV13+BX13+BZ13+CB13+CD13+CF13+CH13+CJ13+CL13+CN13+CP13+CR13+CT13+CV13+CX13 -> 0
A14: BRIVAZEN 75 (15T) | B14: =IFERROR(VLOOKUP(A14,PRICELIST!$A$3:$D$138,4,0),"-") -> 322.71 | CY14: =C14+E14+G14+I14+K14+M14+O14+Q14+S14+U14+W14+Y14+AA14+AC14+AE14+AG14+AI14+AK14+AM14+AO14+AQ14+AS14+AU14+AW14+AY14+BA14+BC14+BE14+BG14+BI14+BK14+BM14+BO14+BQ14+BS14+BU14+BW14+BY14+CA14+CC14+CE14+CG14+CI14+CK14+CM14+CO14+CQ14+CS14+CU14+CW14 -> 0 | CZ14: =D14+F14+H14+J14+L14+N14+P14+R14+T14+V14+X14+Z14+AB14+AD14+AF14+AH14+AJ14+AL14+AN14+AP14+AR14+AT14+AV14+AX14+AZ14+BB14+BD14+BF14+BH14+BJ14+BL14+BN14+BP14+BR14+BT14+BV14+BX14+BZ14+CB14+CD14+CF14+CH14+CJ14+CL14+CN14+CP14+CR14+CT14+CV14+CX14 -> 0
A15: BRIVAZEN SR 100 (SALE) (10T) | B15: =IFERROR(VLOOKUP(A15,PRICELIST!$A$3:$D$138,4,0),"-") -> 272.23 | CY15: =C15+E15+G15+I15+K15+M15+O15+Q15+S15+U15+W15+Y15+AA15+AC15+AE15+AG15+AI15+AK15+AM15+AO15+AQ15+AS15+AU15+AW15+AY15+BA15+BC15+BE15+BG15+BI15+BK15+BM15+BO15+BQ15+BS15+BU15+BW15+BY15+CA15+CC15+CE15+CG15+CI15+CK15+CM15+CO15+CQ15+CS15+CU15+CW15 -> 0 | CZ15: =D15+F15+H15+J15+L15+N15+P15+R15+T15+V15+X15+Z15+AB15+AD15+AF15+AH15+AJ15+AL15+AN15+AP15+AR15+AT15+AV15+AX15+AZ15+BB15+BD15+BF15+BH15+BJ15+BL15+BN15+BP15+BR15+BT15+BV15+BX15+BZ15+CB15+CD15+CF15+CH15+CJ15+CL15+CN15+CP15+CR15+CT15+CV15+CX15 -> 0
A16: BRIVAZEN SR 200 (SALE) (10T) | B16: =IFERROR(VLOOKUP(A16,PRICELIST!$A$3:$D$138,4,0),"-") -> 352.76 | CY16: =C16+E16+G16+I16+K16+M16+O16+Q16+S16+U16+W16+Y16+AA16+AC16+AE16+AG16+AI16+AK16+AM16+AO16+AQ16+AS16+AU16+AW16+AY16+BA16+BC16+BE16+BG16+BI16+BK16+BM16+BO16+BQ16+BS16+BU16+BW16+BY16+CA16+CC16+CE16+CG16+CI16+CK16+CM16+CO16+CQ16+CS16+CU16+CW16 -> 0 | CZ16: =D16+F16+H16+J16+L16+N16+P16+R16+T16+V16+X16+Z16+AB16+AD16+AF16+AH16+AJ16+AL16+AN16+AP16+AR16+AT16+AV16+AX16+AZ16+BB16+BD16+BF16+BH16+BJ16+BL16+BN16+BP16+BR16+BT16+BV16+BX16+BZ16+CB16+CD16+CF16+CH16+CJ16+CL16+CN16+CP16+CR16+CT16+CV16+CX16 -> 0
A17: BRIVAZEN SR 50 (SALE) (10T) | B17: =IFERROR(VLOOKUP(A17,PRICELIST!$A$3:$D$138,4,0),"-") -> 137.57 | CY17: =C17+E17+G17+I17+K17+M17+O17+Q17+S17+U17+W17+Y17+AA17+AC17+AE17+AG17+AI17+AK17+AM17+AO17+AQ17+AS17+AU17+AW17+AY17+BA17+BC17+BE17+BG17+BI17+BK17+BM17+BO17+BQ17+BS17+BU17+BW17+BY17+CA17+CC17+CE17+CG17+CI17+CK17+CM17+CO17+CQ17+CS17+CU17+CW17 -> 0 | CZ17: =D17+F17+H17+J17+L17+N17+P17+R17+T17+V17+X17+Z17+AB17+AD17+AF17+AH17+AJ17+AL17+AN17+AP17+AR17+AT17+AV17+AX17+AZ17+BB17+BD17+BF17+BH17+BJ17+BL17+BN17+BP17+BR17+BT17+BV17+BX17+BZ17+CB17+CD17+CF17+CH17+CJ17+CL17+CN17+CP17+CR17+CT17+CV17+CX17 -> 0
A18: BRIVAZEN SOLUTION 200 ML | B18: =IFERROR(VLOOKUP(A18,PRICELIST!$A$3:$D$138,4,0),"-") -> 647.36 | CY18: =C18+E18+G18+I18+K18+M18+O18+Q18+S18+U18+W18+Y18+AA18+AC18+AE18+AG18+AI18+AK18+AM18+AO18+AQ18+AS18+AU18+AW18+AY18+BA18+BC18+BE18+BG18+BI18+BK18+BM18+BO18+BQ18+BS18+BU18+BW18+BY18+CA18+CC18+CE18+CG18+CI18+CK18+CM18+CO18+CQ18+CS18+CU18+CW18 -> 0 | CZ18: =D18+F18+H18+J18+L18+N18+P18+R18+T18+V18+X18+Z18+AB18+AD18+AF18+AH18+AJ18+AL18+AN18+AP18+AR18+AT18+AV18+AX18+AZ18+BB18+BD18+BF18+BH18+BJ18+BL18+BN18+BP18+BR18+BT18+BV18+BX18+BZ18+CB18+CD18+CF18+CH18+CJ18+CL18+CN18+CP18+CR18+CT18+CV18+CX18 -> 0
A19: BRIVAZEN INJECTION (5 ML) | B19: =IFERROR(VLOOKUP(A19,PRICELIST!$A$3:$D$138,4,0),"-") -> 110.25 | CY19: =C19+E19+G19+I19+K19+M19+O19+Q19+S19+U19+W19+Y19+AA19+AC19+AE19+AG19+AI19+AK19+AM19+AO19+AQ19+AS19+AU19+AW19+AY19+BA19+BC19+BE19+BG19+BI19+BK19+BM19+BO19+BQ19+BS19+BU19+BW19+BY19+CA19+CC19+CE19+CG19+CI19+CK19+CM19+CO19+CQ19+CS19+CU19+CW19 -> 0 | CZ19: =D19+F19+H19+J19+L19+N19+P19+R19+T19+V19+X19+Z19+AB19+AD19+AF19+AH19+AJ19+AL19+AN19+AP19+AR19+AT19+AV19+AX19+AZ19+BB19+BD19+BF19+BH19+BJ19+BL19+BN19+BP19+BR19+BT19+BV19+BX19+BZ19+CB19+CD19+CF19+CH19+CJ19+CL19+CN19+CP19+CR19+CT19+CV19+CX19 -> 0
A20: BRIVAZEN GROUP | C20: =SUMPRODUCT($B11:$B19,C11:C19) -> 0 | D20: =SUMPRODUCT($B11:$B19,D11:D19) -> 0 | E20: =SUMPRODUCT($B11:$B19,E11:E19) -> 0 | F20: =SUMPRODUCT($B11:$B19,F11:F19) -> 0 | G20: =SUMPRODUCT($B11:$B19,G11:G19) -> 0 | H20: =SUMPRODUCT($B11:$B19,H11:H19) -> 0 | I20: =SUMPRODUCT($B11:$B19,I11:I19) -> 0 | J20: =SUMPRODUCT($B11:$B19,J11:J19) -> 0 | ... CZ20: =SUMPRODUCT($B11:$B19,CZ11:CZ19) -> 0
A21: CELETOIN -100, 100 TABS (D) | B21: =IFERROR(VLOOKUP(A21,PRICELIST!$A$3:$D$138,4,0),"-") -> 128.88 | CY21: =C21+E21+G21+I21+K21+M21+O21+Q21+S21+U21+W21+Y21+AA21+AC21+AE21+AG21+AI21+AK21+AM21+AO21+AQ21+AS21+AU21+AW21+AY21+BA21+BC21+BE21+BG21+BI21+BK21+BM21+BO21+BQ21+BS21+BU21+BW21+BY21+CA21+CC21+CE21+CG21+CI21+CK21+CM21+CO21+CQ21+CS21+CU21+CW21 -> 0 | CZ21: =D21+F21+H21+J21+L21+N21+P21+R21+T21+V21+X21+Z21+AB21+AD21+AF21+AH21+AJ21+AL21+AN21+AP21+AR21+AT21+AV21+AX21+AZ21+BB21+BD21+BF21+BH21+BJ21+BL21+BN21+BP21+BR21+BT21+BV21+BX21+BZ21+CB21+CD21+CF21+CH21+CJ21+CL21+CN21+CP21+CR21+CT21+CV21+CX21 -> 0
A22: CELETOIN 300 30 TAB | B22: =IFERROR(VLOOKUP(A22,PRICELIST!$A$3:$D$138,4,0),"-") -> 120.53 | CY22: =C22+E22+G22+I22+K22+M22+O22+Q22+S22+U22+W22+Y22+AA22+AC22+AE22+AG22+AI22+AK22+AM22+AO22+AQ22+AS22+AU22+AW22+AY22+BA22+BC22+BE22+BG22+BI22+BK22+BM22+BO22+BQ22+BS22+BU22+BW22+BY22+CA22+CC22+CE22+CG22+CI22+CK22+CM22+CO22+CQ22+CS22+CU22+CW22 -> 0 | CZ22: =D22+F22+H22+J22+L22+N22+P22+R22+T22+V22+X22+Z22+AB22+AD22+AF22+AH22+AJ22+AL22+AN22+AP22+AR22+AT22+AV22+AX22+AZ22+BB22+BD22+BF22+BH22+BJ22+BL22+BN22+BP22+BR22+BT22+BV22+BX22+BZ22+CB22+CD22+CF22+CH22+CJ22+CL22+CN22+CP22+CR22+CT22+CV22+CX22 -> 0
A23: CELETOIN ER 300 30 TAB | B23: =IFERROR(VLOOKUP(A23,PRICELIST!$A$3:$D$138,4,0),"-") -> 144.29 | CY23: =C23+E23+G23+I23+K23+M23+O23+Q23+S23+U23+W23+Y23+AA23+AC23+AE23+AG23+AI23+AK23+AM23+AO23+AQ23+AS23+AU23+AW23+AY23+BA23+BC23+BE23+BG23+BI23+BK23+BM23+BO23+BQ23+BS23+BU23+BW23+BY23+CA23+CC23+CE23+CG23+CI23+CK23+CM23+CO23+CQ23+CS23+CU23+CW23 -> 0 | CZ23: =D23+F23+H23+J23+L23+N23+P23+R23+T23+V23+X23+Z23+AB23+AD23+AF23+AH23+AJ23+AL23+AN23+AP23+AR23+AT23+AV23+AX23+AZ23+BB23+BD23+BF23+BH23+BJ23+BL23+BN23+BP23+BR23+BT23+BV23+BX23+BZ23+CB23+CD23+CF23+CH23+CJ23+CL23+CN23+CP23+CR23+CT23+CV23+CX23 -> 0
A24: CELETOIN GROUP | C24: =SUMPRODUCT($B21:$B23,C21:C23) -> 0 | D24: =SUMPRODUCT($B21:$B23,D21:D23) -> 0 | E24: =SUMPRODUCT($B21:$B23,E21:E23) -> 0 | F24: =SUMPRODUCT($B21:$B23,F21:F23) -> 0 | G24: =SUMPRODUCT($B21:$B23,G21:G23) -> 0 | H24: =SUMPRODUCT($B21:$B23,H21:H23) -> 0 | I24: =SUMPRODUCT($B21:$B23,I21:I23) -> 0 | J24: =SUMPRODUCT($B21:$B23,J21:J23) -> 0 | ... CZ24: =SUMPRODUCT($B21:$B23,CZ21:CZ23) -> 0
A25: LURASID 40 (10T) | B25: =IFERROR(VLOOKUP(A25,PRICELIST!$A$3:$D$138,4,0),"-") -> 110.57 | CY25: =C25+E25+G25+I25+K25+M25+O25+Q25+S25+U25+W25+Y25+AA25+AC25+AE25+AG25+AI25+AK25+AM25+AO25+AQ25+AS25+AU25+AW25+AY25+BA25+BC25+BE25+BG25+BI25+BK25+BM25+BO25+BQ25+BS25+BU25+BW25+BY25+CA25+CC25+CE25+CG25+CI25+CK25+CM25+CO25+CQ25+CS25+CU25+CW25 -> 0 | CZ25: =D25+F25+H25+J25+L25+N25+P25+R25+T25+V25+X25+Z25+AB25+AD25+AF25+AH25+AJ25+AL25+AN25+AP25+AR25+AT25+AV25+AX25+AZ25+BB25+BD25+BF25+BH25+BJ25+BL25+BN25+BP25+BR25+BT25+BV25+BX25+BZ25+CB25+CD25+CF25+CH25+CJ25+CL25+CN25+CP25+CR25+CT25+CV25+CX25 -> 0
A26: LURASID 80 (10T) | B26: =IFERROR(VLOOKUP(A26,PRICELIST!$A$3:$D$138,4,0),"-") -> 184.82 | CY26: =C26+E26+G26+I26+K26+M26+O26+Q26+S26+U26+W26+Y26+AA26+AC26+AE26+AG26+AI26+AK26+AM26+AO26+AQ26+AS26+AU26+AW26+AY26+BA26+BC26+BE26+BG26+BI26+BK26+BM26+BO26+BQ26+BS26+BU26+BW26+BY26+CA26+CC26+CE26+CG26+CI26+CK26+CM26+CO26+CQ26+CS26+CU26+CW26 -> 0 | CZ26: =D26+F26+H26+J26+L26+N26+P26+R26+T26+V26+X26+Z26+AB26+AD26+AF26+AH26+AJ26+AL26+AN26+AP26+AR26+AT26+AV26+AX26+AZ26+BB26+BD26+BF26+BH26+BJ26+BL26+BN26+BP26+BR26+BT26+BV26+BX26+BZ26+CB26+CD26+CF26+CH26+CJ26+CL26+CN26+CP26+CR26+CT26+CV26+CX26 -> 0
A27: LURASID GROUP | C27: =SUMPRODUCT($B25:$B26,C25:C26) -> 0 | D27: =SUMPRODUCT($B25:$B26,D25:D26) -> 0 | E27: =SUMPRODUCT($B25:$B26,E25:E26) -> 0 | F27: =SUMPRODUCT($B25:$B26,F25:F26) -> 0 | G27: =SUMPRODUCT($B25:$B26,G25:G26) -> 0 | H27: =SUMPRODUCT($B25:$B26,H25:H26) -> 0 | I27: =SUMPRODUCT($B25:$B26,I25:I26) -> 0 | J27: =SUMPRODUCT($B25:$B26,J25:J26) -> 0 | ... CZ27: =SUMPRODUCT($B25:$B26,CZ25:CZ26) -> 0
A28: MIRNITE MELTAB-15 10 TAB | B28: =IFERROR(VLOOKUP(A28,PRICELIST!$A$3:$D$138,4,0),"-") -> 113.79 | CY28: =C28+E28+G28+I28+K28+M28+O28+Q28+S28+U28+W28+Y28+AA28+AC28+AE28+AG28+AI28+AK28+AM28+AO28+AQ28+AS28+AU28+AW28+AY28+BA28+BC28+BE28+BG28+BI28+BK28+BM28+BO28+BQ28+BS28+BU28+BW28+BY28+CA28+CC28+CE28+CG28+CI28+CK28+CM28+CO28+CQ28+CS28+CU28+CW28 -> 0 | CZ28: =D28+F28+H28+J28+L28+N28+P28+R28+T28+V28+X28+Z28+AB28+AD28+AF28+AH28+AJ28+AL28+AN28+AP28+AR28+AT28+AV28+AX28+AZ28+BB28+BD28+BF28+BH28+BJ28+BL28+BN28+BP28+BR28+BT28+BV28+BX28+BZ28+CB28+CD28+CF28+CH28+CJ28+CL28+CN28+CP28+CR28+CT28+CV28+CX28 -> 0
A29: MIRNITE MELTAB-30 10 TAB | B29: =IFERROR(VLOOKUP(A29,PRICELIST!$A$3:$D$138,4,0),"-") -> 188.04 | CY29: =C29+E29+G29+I29+K29+M29+O29+Q29+S29+U29+W29+Y29+AA29+AC29+AE29+AG29+AI29+AK29+AM29+AO29+AQ29+AS29+AU29+AW29+AY29+BA29+BC29+BE29+BG29+BI29+BK29+BM29+BO29+BQ29+BS29+BU29+BW29+BY29+CA29+CC29+CE29+CG29+CI29+CK29+CM29+CO29+CQ29+CS29+CU29+CW29 -> 0 | CZ29: =D29+F29+H29+J29+L29+N29+P29+R29+T29+V29+X29+Z29+AB29+AD29+AF29+AH29+AJ29+AL29+AN29+AP29+AR29+AT29+AV29+AX29+AZ29+BB29+BD29+BF29+BH29+BJ29+BL29+BN29+BP29+BR29+BT29+BV29+BX29+BZ29+CB29+CD29+CF29+CH29+CJ29+CL29+CN29+CP29+CR29+CT29+CV29+CX29 -> 0
A30: MIRNITE MELTAB-7.5 10 TAB | B30: =IFERROR(VLOOKUP(A30,PRICELIST!$A$3:$D$138,4,0),"-") -> 68.16 | CY30: =C30+E30+G30+I30+K30+M30+O30+Q30+S30+U30+W30+Y30+AA30+AC30+AE30+AG30+AI30+AK30+AM30+AO30+AQ30+AS30+AU30+AW30+AY30+BA30+BC30+BE30+BG30+BI30+BK30+BM30+BO30+BQ30+BS30+BU30+BW30+BY30+CA30+CC30+CE30+CG30+CI30+CK30+CM30+CO30+CQ30+CS30+CU30+CW30 -> 0 | CZ30: =D30+F30+H30+J30+L30+N30+P30+R30+T30+V30+X30+Z30+AB30+AD30+AF30+AH30+AJ30+AL30+AN30+AP30+AR30+AT30+AV30+AX30+AZ30+BB30+BD30+BF30+BH30+BJ30+BL30+BN30+BP30+BR30+BT30+BV30+BX30+BZ30+CB30+CD30+CF30+CH30+CJ30+CL30+CN30+CP30+CR30+CT30+CV30+CX30 -> 0
A31: MIRNITE-15 10 TAB | B31: =IFERROR(VLOOKUP(A31,PRICELIST!$A$3:$D$138,4,0),"-") -> 101.57 | CY31: =C31+E31+G31+I31+K31+M31+O31+Q31+S31+U31+W31+Y31+AA31+AC31+AE31+AG31+AI31+AK31+AM31+AO31+AQ31+AS31+AU31+AW31+AY31+BA31+BC31+BE31+BG31+BI31+BK31+BM31+BO31+BQ31+BS31+BU31+BW31+BY31+CA31+CC31+CE31+CG31+CI31+CK31+CM31+CO31+CQ31+CS31+CU31+CW31 -> 0 | CZ31: =D31+F31+H31+J31+L31+N31+P31+R31+T31+V31+X31+Z31+AB31+AD31+AF31+AH31+AJ31+AL31+AN31+AP31+AR31+AT31+AV31+AX31+AZ31+BB31+BD31+BF31+BH31+BJ31+BL31+BN31+BP31+BR31+BT31+BV31+BX31+BZ31+CB31+CD31+CF31+CH31+CJ31+CL31+CN31+CP31+CR31+CT31+CV31+CX31 -> 0
A32: MIRNITE-30 10 TAB | B32: =IFERROR(VLOOKUP(A32,PRICELIST!$A$3:$D$138,4,0),"-") -> 164.73 | CY32: =C32+E32+G32+I32+K32+M32+O32+Q32+S32+U32+W32+Y32+AA32+AC32+AE32+AG32+AI32+AK32+AM32+AO32+AQ32+AS32+AU32+AW32+AY32+BA32+BC32+BE32+BG32+BI32+BK32+BM32+BO32+BQ32+BS32+BU32+BW32+BY32+CA32+CC32+CE32+CG32+CI32+CK32+CM32+CO32+CQ32+CS32+CU32+CW32 -> 0 | CZ32: =D32+F32+H32+J32+L32+N32+P32+R32+T32+V32+X32+Z32+AB32+AD32+AF32+AH32+AJ32+AL32+AN32+AP32+AR32+AT32+AV32+AX32+AZ32+BB32+BD32+BF32+BH32+BJ32+BL32+BN32+BP32+BR32+BT32+BV32+BX32+BZ32+CB32+CD32+CF32+CH32+CJ32+CL32+CN32+CP32+CR32+CT32+CV32+CX32 -> 0
A33: MIRNITE-7.5 10 TAB | B33: =IFERROR(VLOOKUP(A33,PRICELIST!$A$3:$D$138,4,0),"-") -> 78.1 | CY33: =C33+E33+G33+I33+K33+M33+O33+Q33+S33+U33+W33+Y33+AA33+AC33+AE33+AG33+AI33+AK33+AM33+AO33+AQ33+AS33+AU33+AW33+AY33+BA33+BC33+BE33+BG33+BI33+BK33+BM33+BO33+BQ33+BS33+BU33+BW33+BY33+CA33+CC33+CE33+CG33+CI33+CK33+CM33+CO33+CQ33+CS33+CU33+CW33 -> 0 | CZ33: =D33+F33+H33+J33+L33+N33+P33+R33+T33+V33+X33+Z33+AB33+AD33+AF33+AH33+AJ33+AL33+AN33+AP33+AR33+AT33+AV33+AX33+AZ33+BB33+BD33+BF33+BH33+BJ33+BL33+BN33+BP33+BR33+BT33+BV33+BX33+BZ33+CB33+CD33+CF33+CH33+CJ33+CL33+CN33+CP33+CR33+CT33+CV33+CX33 -> 0
A34: MIRNITE GROUP | C34: =SUMPRODUCT($B28:$B33,C28:C33) -> 0 | D34: =SUMPRODUCT($B28:$B33,D28:D33) -> 0 | E34: =SUMPRODUCT($B28:$B33,E28:E33) -> 0 | F34: =SUMPRODUCT($B28:$B33,F28:F33) -> 0 | G34: =SUMPRODUCT($B28:$B33,G28:G33) -> 0 | H34: =SUMPRODUCT($B28:$B33,H28:H33) -> 0 | I34: =SUMPRODUCT($B28:$B33,I28:I33) -> 0 | J34: =SUMPRODUCT($B28:$B33,J28:J33) -> 0 | ... CZ34: =SUMPRODUCT($B28:$B33,CZ28:CZ33) -> 0
A35: NAPRA-D 250 10 TAB | B35: =IFERROR(VLOOKUP(A35,PRICELIST!$A$3:$D$138,4,0),"-") -> 60.11 | CY35: =C35+E35+G35+I35+K35+M35+O35+Q35+S35+U35+W35+Y35+AA35+AC35+AE35+AG35+AI35+AK35+AM35+AO35+AQ35+AS35+AU35+AW35+AY35+BA35+BC35+BE35+BG35+BI35+BK35+BM35+BO35+BQ35+BS35+BU35+BW35+BY35+CA35+CC35+CE35+CG35+CI35+CK35+CM35+CO35+CQ35+CS35+CU35+CW35 -> 0 | CZ35: =D35+F35+H35+J35+L35+N35+P35+R35+T35+V35+X35+Z35+AB35+AD35+AF35+AH35+AJ35+AL35+AN35+AP35+AR35+AT35+AV35+AX35+AZ35+BB35+BD35+BF35+BH35+BJ35+BL35+BN35+BP35+BR35+BT35+BV35+BX35+BZ35+CB35+CD35+CF35+CH35+CJ35+CL35+CN35+CP35+CR35+CT35+CV35+CX35 -> 0
A36: NAPRA-D 500 10 TAB | B36: =IFERROR(VLOOKUP(A36,PRICELIST!$A$3:$D$138,4,0),"-") -> 91.2 | CY36: =C36+E36+G36+I36+K36+M36+O36+Q36+S36+U36+W36+Y36+AA36+AC36+AE36+AG36+AI36+AK36+AM36+AO36+AQ36+AS36+AU36+AW36+AY36+BA36+BC36+BE36+BG36+BI36+BK36+BM36+BO36+BQ36+BS36+BU36+BW36+BY36+CA36+CC36+CE36+CG36+CI36+CK36+CM36+CO36+CQ36+CS36+CU36+CW36 -> 0 | CZ36: =D36+F36+H36+J36+L36+N36+P36+R36+T36+V36+X36+Z36+AB36+AD36+AF36+AH36+AJ36+AL36+AN36+AP36+AR36+AT36+AV36+AX36+AZ36+BB36+BD36+BF36+BH36+BJ36+BL36+BN36+BP36+BR36+BT36+BV36+BX36+BZ36+CB36+CD36+CF36+CH36+CJ36+CL36+CN36+CP36+CR36+CT36+CV36+CX36 -> 0
A37: NAPRA D GROUP | C37: =SUMPRODUCT($B35:$B36,C35:C36) -> 0 | D37: =SUMPRODUCT($B35:$B36,D35:D36) -> 0 | E37: =SUMPRODUCT($B35:$B36,E35:E36) -> 0 | F37: =SUMPRODUCT($B35:$B36,F35:F36) -> 0 | G37: =SUMPRODUCT($B35:$B36,G35:G36) -> 0 | H37: =SUMPRODUCT($B35:$B36,H35:H36) -> 0 | I37: =SUMPRODUCT($B35:$B36,I35:I36) -> 0 | J37: =SUMPRODUCT($B35:$B36,J35:J36) -> 0 | ... CZ37: =SUMPRODUCT($B35:$B36,CZ35:CZ36) -> 0
A38: NEMDAA 10 10 TAB | B38: =IFERROR(VLOOKUP(A38,PRICELIST!$A$3:$D$138,4,0),"-") -> 159.75 | CY38: =C38+E38+G38+I38+K38+M38+O38+Q38+S38+U38+W38+Y38+AA38+AC38+AE38+AG38+AI38+AK38+AM38+AO38+AQ38+AS38+AU38+AW38+AY38+BA38+BC38+BE38+BG38+BI38+BK38+BM38+BO38+BQ38+BS38+BU38+BW38+BY38+CA38+CC38+CE38+CG38+CI38+CK38+CM38+CO38+CQ38+CS38+CU38+CW38 -> 0 | CZ38: =D38+F38+H38+J38+L38+N38+P38+R38+T38+V38+X38+Z38+AB38+AD38+AF38+AH38+AJ38+AL38+AN38+AP38+AR38+AT38+AV38+AX38+AZ38+BB38+BD38+BF38+BH38+BJ38+BL38+BN38+BP38+BR38+BT38+BV38+BX38+BZ38+CB38+CD38+CF38+CH38+CJ38+CL38+CN38+CP38+CR38+CT38+CV38+CX38 -> 0
A39: NEMDAA 5 10 TAB | B39: =IFERROR(VLOOKUP(A39,PRICELIST!$A$3:$D$138,4,0),"-") -> 83.59 | CY39: =C39+E39+G39+I39+K39+M39+O39+Q39+S39+U39+W39+Y39+AA39+AC39+AE39+AG39+AI39+AK39+AM39+AO39+AQ39+AS39+AU39+AW39+AY39+BA39+BC39+BE39+BG39+BI39+BK39+BM39+BO39+BQ39+BS39+BU39+BW39+BY39+CA39+CC39+CE39+CG39+CI39+CK39+CM39+CO39+CQ39+CS39+CU39+CW39 -> 0 | CZ39: =D39+F39+H39+J39+L39+N39+P39+R39+T39+V39+X39+Z39+AB39+AD39+AF39+AH39+AJ39+AL39+AN39+AP39+AR39+AT39+AV39+AX39+AZ39+BB39+BD39+BF39+BH39+BJ39+BL39+BN39+BP39+BR39+BT39+BV39+BX39+BZ39+CB39+CD39+CF39+CH39+CJ39+CL39+CN39+CP39+CR39+CT39+CV39+CX39 -> 0
A40: NEMDAA GROUP | C40: =SUMPRODUCT($B38:$B39,C38:C39) -> 0 | D40: =SUMPRODUCT($B38:$B39,D38:D39) -> 0 | E40: =SUMPRODUCT($B38:$B39,E38:E39) -> 0 | F40: =SUMPRODUCT($B38:$B39,F38:F39) -> 0 | G40: =SUMPRODUCT($B38:$B39,G38:G39) -> 0 | H40: =SUMPRODUCT($B38:$B39,H38:H39) -> 0 | I40: =SUMPRODUCT($B38:$B39,I38:I39) -> 0 | J40: =SUMPRODUCT($B38:$B39,J38:J39) -> 0 | ... CZ40: =SUMPRODUCT($B38:$B39,CZ38:CZ39) -> 0
A41: OLIMELT 10 10 TAB (D) | B41: =IFERROR(VLOOKUP(A41,PRICELIST!$A$3:$D$138,4,0),"-") -> 78.79 | CY41: =C41+E41+G41+I41+K41+M41+O41+Q41+S41+U41+W41+Y41+AA41+AC41+AE41+AG41+AI41+AK41+AM41+AO41+AQ41+AS41+AU41+AW41+AY41+BA41+BC41+BE41+BG41+BI41+BK41+BM41+BO41+BQ41+BS41+BU41+BW41+BY41+CA41+CC41+CE41+CG41+CI41+CK41+CM41+CO41+CQ41+CS41+CU41+CW41 -> 0 | CZ41: =D41+F41+H41+J41+L41+N41+P41+R41+T41+V41+X41+Z41+AB41+AD41+AF41+AH41+AJ41+AL41+AN41+AP41+AR41+AT41+AV41+AX41+AZ41+BB41+BD41+BF41+BH41+BJ41+BL41+BN41+BP41+BR41+BT41+BV41+BX41+BZ41+CB41+CD41+CF41+CH41+CJ41+CL41+CN41+CP41+CR41+CT41+CV41+CX41 -> 0
A42: OLIMELT 15 10 TAB | B42: =IFERROR(VLOOKUP(A42,PRICELIST!$A$3:$D$138,4,0),"-") -> 142.29 | CY42: =C42+E42+G42+I42+K42+M42+O42+Q42+S42+U42+W42+Y42+AA42+AC42+AE42+AG42+AI42+AK42+AM42+AO42+AQ42+AS42+AU42+AW42+AY42+BA42+BC42+BE42+BG42+BI42+BK42+BM42+BO42+BQ42+BS42+BU42+BW42+BY42+CA42+CC42+CE42+CG42+CI42+CK42+CM42+CO42+CQ42+CS42+CU42+CW42 -> 0 | CZ42: =D42+F42+H42+J42+L42+N42+P42+R42+T42+V42+X42+Z42+AB42+AD42+AF42+AH42+AJ42+AL42+AN42+AP42+AR42+AT42+AV42+AX42+AZ42+BB42+BD42+BF42+BH42+BJ42+BL42+BN42+BP42+BR42+BT42+BV42+BX42+BZ42+CB42+CD42+CF42+CH42+CJ42+CL42+CN42+CP42+CR42+CT42+CV42+CX42 -> 0
A43: OLIMELT 2.5 10 TAB | B43: =IFERROR(VLOOKUP(A43,PRICELIST!$A$3:$D$138,4,0),"-") -> 35.36 | CY43: =C43+E43+G43+I43+K43+M43+O43+Q43+S43+U43+W43+Y43+AA43+AC43+AE43+AG43+AI43+AK43+AM43+AO43+AQ43+AS43+AU43+AW43+AY43+BA43+BC43+BE43+BG43+BI43+BK43+BM43+BO43+BQ43+BS43+BU43+BW43+BY43+CA43+CC43+CE43+CG43+CI43+CK43+CM43+CO43+CQ43+CS43+CU43+CW43 -> 0 | CZ43: =D43+F43+H43+J43+L43+N43+P43+R43+T43+V43+X43+Z43+AB43+AD43+AF43+AH43+AJ43+AL43+AN43+AP43+AR43+AT43+AV43+AX43+AZ43+BB43+BD43+BF43+BH43+BJ43+BL43+BN43+BP43+BR43+BT43+BV43+BX43+BZ43+CB43+CD43+CF43+CH43+CJ43+CL43+CN43+CP43+CR43+CT43+CV43+CX43 -> 0
A44: OLIMELT 20 10 TAB | B44: =IFERROR(VLOOKUP(A44,PRICELIST!$A$3:$D$138,4,0),"-") -> 175.18 | CY44: =C44+E44+G44+I44+K44+M44+O44+Q44+S44+U44+W44+Y44+AA44+AC44+AE44+AG44+AI44+AK44+AM44+AO44+AQ44+AS44+AU44+AW44+AY44+BA44+BC44+BE44+BG44+BI44+BK44+BM44+BO44+BQ44+BS44+BU44+BW44+BY44+CA44+CC44+CE44+CG44+CI44+CK44+CM44+CO44+CQ44+CS44+CU44+CW44 -> 0 | CZ44: =D44+F44+H44+J44+L44+N44+P44+R44+T44+V44+X44+Z44+AB44+AD44+AF44+AH44+AJ44+AL44+AN44+AP44+AR44+AT44+AV44+AX44+AZ44+BB44+BD44+BF44+BH44+BJ44+BL44+BN44+BP44+BR44+BT44+BV44+BX44+BZ44+CB44+CD44+CF44+CH44+CJ44+CL44+CN44+CP44+CR44+CT44+CV44+CX44 -> 0
A45: OLIMELT 5 10 TAB (D) | B45: =IFERROR(VLOOKUP(A45,PRICELIST!$A$3:$D$138,4,0),"-") -> 42.72 | CY45: =C45+E45+G45+I45+K45+M45+O45+Q45+S45+U45+W45+Y45+AA45+AC45+AE45+AG45+AI45+AK45+AM45+AO45+AQ45+AS45+AU45+AW45+AY45+BA45+BC45+BE45+BG45+BI45+BK45+BM45+BO45+BQ45+BS45+BU45+BW45+BY45+CA45+CC45+CE45+CG45+CI45+CK45+CM45+CO45+CQ45+CS45+CU45+CW45 -> 0 | CZ45: =D45+F45+H45+J45+L45+N45+P45+R45+T45+V45+X45+Z45+AB45+AD45+AF45+AH45+AJ45+AL45+AN45+AP45+AR45+AT45+AV45+AX45+AZ45+BB45+BD45+BF45+BH45+BJ45+BL45+BN45+BP45+BR45+BT45+BV45+BX45+BZ45+CB45+CD45+CF45+CH45+CJ45+CL45+CN45+CP45+CR45+CT45+CV45+CX45 -> 0
A46: OLIMELT 7.5 10 TAB | B46: =IFERROR(VLOOKUP(A46,PRICELIST!$A$3:$D$138,4,0),"-") -> 84.28 | CY46: =C46+E46+G46+I46+K46+M46+O46+Q46+S46+U46+W46+Y46+AA46+AC46+AE46+AG46+AI46+AK46+AM46+AO46+AQ46+AS46+AU46+AW46+AY46+BA46+BC46+BE46+BG46+BI46+BK46+BM46+BO46+BQ46+BS46+BU46+BW46+BY46+CA46+CC46+CE46+CG46+CI46+CK46+CM46+CO46+CQ46+CS46+CU46+CW46 -> 0 | CZ46: =D46+F46+H46+J46+L46+N46+P46+R46+T46+V46+X46+Z46+AB46+AD46+AF46+AH46+AJ46+AL46+AN46+AP46+AR46+AT46+AV46+AX46+AZ46+BB46+BD46+BF46+BH46+BJ46+BL46+BN46+BP46+BR46+BT46+BV46+BX46+BZ46+CB46+CD46+CF46+CH46+CJ46+CL46+CN46+CP46+CR46+CT46+CV46+CX46 -> 0
A47: OLIMELT GROUP | C47: =SUMPRODUCT($B41:$B46,C41:C46) -> 0 | D47: =SUMPRODUCT($B41:$B46,D41:D46) -> 0 | E47: =SUMPRODUCT($B41:$B46,E41:E46) -> 0 | F47: =SUMPRODUCT($B41:$B46,F41:F46) -> 0 | G47: =SUMPRODUCT($B41:$B46,G41:G46) -> 0 | H47: =SUMPRODUCT($B41:$B46,H41:H46) -> 0 | I47: =SUMPRODUCT($B41:$B46,I41:I46) -> 0 | J47: =SUMPRODUCT($B41:$B46,J41:J46) -> 0 | ... CZ47: =SUMPRODUCT($B41:$B46,CZ41:CZ46) -> 0
A48: PALMIFLAM (10C) | B48: =IFERROR(VLOOKUP(A48,PRICELIST!$A$3:$D$138,4,0),"-") -> 201.26 | CY48: =C48+E48+G48+I48+K48+M48+O48+Q48+S48+U48+W48+Y48+AA48+AC48+AE48+AG48+AI48+AK48+AM48+AO48+AQ48+AS48+AU48+AW48+AY48+BA48+BC48+BE48+BG48+BI48+BK48+BM48+BO48+BQ48+BS48+BU48+BW48+BY48+CA48+CC48+CE48+CG48+CI48+CK48+CM48+CO48+CQ48+CS48+CU48+CW48 -> 0 | CZ48: =D48+F48+H48+J48+L48+N48+P48+R48+T48+V48+X48+Z48+AB48+AD48+AF48+AH48+AJ48+AL48+AN48+AP48+AR48+AT48+AV48+AX48+AZ48+BB48+BD48+BF48+BH48+BJ48+BL48+BN48+BP48+BR48+BT48+BV48+BX48+BZ48+CB48+CD48+CF48+CH48+CJ48+CL48+CN48+CP48+CR48+CT48+CV48+CX48 -> 0
A49: PALMIFLAM | C49: =SUMPRODUCT($B48*C48) -> 0 | D49: =SUMPRODUCT($B48*D48) -> 0 | E49: =SUMPRODUCT($B48*E48) -> 0 | F49: =SUMPRODUCT($B48*F48) -> 0 | G49: =SUMPRODUCT($B48*G48) -> 0 | H49: =SUMPRODUCT($B48*H48) -> 0 | I49: =SUMPRODUCT($B48*I48) -> 0 | J49: =SUMPRODUCT($B48*J48) -> 0 | ... CZ49: =SUMPRODUCT($B48*CZ48) -> 0
A50: PAXINTA CR 12.5 10 TAB | B50: =IFERROR(VLOOKUP(A50,PRICELIST!$A$3:$D$138,4,0),"-") -> 170.19 | CY50: =C50+E50+G50+I50+K50+M50+O50+Q50+S50+U50+W50+Y50+AA50+AC50+AE50+AG50+AI50+AK50+AM50+AO50+AQ50+AS50+AU50+AW50+AY50+BA50+BC50+BE50+BG50+BI50+BK50+BM50+BO50+BQ50+BS50+BU50+BW50+BY50+CA50+CC50+CE50+CG50+CI50+CK50+CM50+CO50+CQ50+CS50+CU50+CW50 -> 0 | CZ50: =D50+F50+H50+J50+L50+N50+P50+R50+T50+V50+X50+Z50+AB50+AD50+AF50+AH50+AJ50+AL50+AN50+AP50+AR50+AT50+AV50+AX50+AZ50+BB50+BD50+BF50+BH50+BJ50+BL50+BN50+BP50+BR50+BT50+BV50+BX50+BZ50+CB50+CD50+CF50+CH50+CJ50+CL50+CN50+CP50+CR50+CT50+CV50+CX50 -> 0
A51: PAXINTA CR 25 10 TAB | B51: =IFERROR(VLOOKUP(A51,PRICELIST!$A$3:$D$138,4,0),"-") -> 209.89 | CY51: =C51+E51+G51+I51+K51+M51+O51+Q51+S51+U51+W51+Y51+AA51+AC51+AE51+AG51+AI51+AK51+AM51+AO51+AQ51+AS51+AU51+AW51+AY51+BA51+BC51+BE51+BG51+BI51+BK51+BM51+BO51+BQ51+BS51+BU51+BW51+BY51+CA51+CC51+CE51+CG51+CI51+CK51+CM51+CO51+CQ51+CS51+CU51+CW51 -> 0 | CZ51: =D51+F51+H51+J51+L51+N51+P51+R51+T51+V51+X51+Z51+AB51+AD51+AF51+AH51+AJ51+AL51+AN51+AP51+AR51+AT51+AV51+AX51+AZ51+BB51+BD51+BF51+BH51+BJ51+BL51+BN51+BP51+BR51+BT51+BV51+BX51+BZ51+CB51+CD51+CF51+CH51+CJ51+CL51+CN51+CP51+CR51+CT51+CV51+CX51 -> 0
A52: PAXINTA CR 37.5 10 TAB | B52: =IFERROR(VLOOKUP(A52,PRICELIST!$A$3:$D$138,4,0),"-") -> 302.79 | CY52: =C52+E52+G52+I52+K52+M52+O52+Q52+S52+U52+W52+Y52+AA52+AC52+AE52+AG52+AI52+AK52+AM52+AO52+AQ52+AS52+AU52+AW52+AY52+BA52+BC52+BE52+BG52+BI52+BK52+BM52+BO52+BQ52+BS52+BU52+BW52+BY52+CA52+CC52+CE52+CG52+CI52+CK52+CM52+CO52+CQ52+CS52+CU52+CW52 -> 0 | CZ52: =D52+F52+H52+J52+L52+N52+P52+R52+T52+V52+X52+Z52+AB52+AD52+AF52+AH52+AJ52+AL52+AN52+AP52+AR52+AT52+AV52+AX52+AZ52+BB52+BD52+BF52+BH52+BJ52+BL52+BN52+BP52+BR52+BT52+BV52+BX52+BZ52+CB52+CD52+CF52+CH52+CJ52+CL52+CN52+CP52+CR52+CT52+CV52+CX52 -> 0
A53: PAXINTA CR | C53: =SUMPRODUCT($B50:$B52,C50:C52) -> 0 | D53: =SUMPRODUCT($B50:$B52,D50:D52) -> 0 | E53: =SUMPRODUCT($B50:$B52,E50:E52) -> 0 | F53: =SUMPRODUCT($B50:$B52,F50:F52) -> 0 | G53: =SUMPRODUCT($B50:$B52,G50:G52) -> 0 | H53: =SUMPRODUCT($B50:$B52,H50:H52) -> 0 | I53: =SUMPRODUCT($B50:$B52,I50:I52) -> 0 | J53: =SUMPRODUCT($B50:$B52,J50:J52) -> 0 | ... CZ53: =SUMPRODUCT($B50:$B52,CZ50:CZ52) -> 0
A54: PREXARON 500MG 10 TAB | B54: =IFERROR(VLOOKUP(A54,PRICELIST!$A$3:$D$138,4,0),"-") -> 508.18 | CY54: =C54+E54+G54+I54+K54+M54+O54+Q54+S54+U54+W54+Y54+AA54+AC54+AE54+AG54+AI54+AK54+AM54+AO54+AQ54+AS54+AU54+AW54+AY54+BA54+BC54+BE54+BG54+BI54+BK54+BM54+BO54+BQ54+BS54+BU54+BW54+BY54+CA54+CC54+CE54+CG54+CI54+CK54+CM54+CO54+CQ54+CS54+CU54+CW54 -> 0 | CZ54: =D54+F54+H54+J54+L54+N54+P54+R54+T54+V54+X54+Z54+AB54+AD54+AF54+AH54+AJ54+AL54+AN54+AP54+AR54+AT54+AV54+AX54+AZ54+BB54+BD54+BF54+BH54+BJ54+BL54+BN54+BP54+BR54+BT54+BV54+BX54+BZ54+CB54+CD54+CF54+CH54+CJ54+CL54+CN54+CP54+CR54+CT54+CV54+CX54 -> 0
A55: PREXARON INJ. 2ML | B55: =IFERROR(VLOOKUP(A55,PRICELIST!$A$3:$D$138,4,0),"-") -> 115.71 | CY55: =C55+E55+G55+I55+K55+M55+O55+Q55+S55+U55+W55+Y55+AA55+AC55+AE55+AG55+AI55+AK55+AM55+AO55+AQ55+AS55+AU55+AW55+AY55+BA55+BC55+BE55+BG55+BI55+BK55+BM55+BO55+BQ55+BS55+BU55+BW55+BY55+CA55+CC55+CE55+CG55+CI55+CK55+CM55+CO55+CQ55+CS55+CU55+CW55 -> 0 | CZ55: =D55+F55+H55+J55+L55+N55+P55+R55+T55+V55+X55+Z55+AB55+AD55+AF55+AH55+AJ55+AL55+AN55+AP55+AR55+AT55+AV55+AX55+AZ55+BB55+BD55+BF55+BH55+BJ55+BL55+BN55+BP55+BR55+BT55+BV55+BX55+BZ55+CB55+CD55+CF55+CH55+CJ55+CL55+CN55+CP55+CR55+CT55+CV55+CX55 -> 0
A56: PREXARON INJ. 4ML | B56: =IFERROR(VLOOKUP(A56,PRICELIST!$A$3:$D$138,4,0),"-") -> 207.64 | CY56: =C56+E56+G56+I56+K56+M56+O56+Q56+S56+U56+W56+Y56+AA56+AC56+AE56+AG56+AI56+AK56+AM56+AO56+AQ56+AS56+AU56+AW56+AY56+BA56+BC56+BE56+BG56+BI56+BK56+BM56+BO56+BQ56+BS56+BU56+BW56+BY56+CA56+CC56+CE56+CG56+CI56+CK56+CM56+CO56+CQ56+CS56+CU56+CW56 -> 0 | CZ56: =D56+F56+H56+J56+L56+N56+P56+R56+T56+V56+X56+Z56+AB56+AD56+AF56+AH56+AJ56+AL56+AN56+AP56+AR56+AT56+AV56+AX56+AZ56+BB56+BD56+BF56+BH56+BJ56+BL56+BN56+BP56+BR56+BT56+BV56+BX56+BZ56+CB56+CD56+CF56+CH56+CJ56+CL56+CN56+CP56+CR56+CT56+CV56+CX56 -> 0
A57: PREXARON PLUS 10 TAB | B57: =IFERROR(VLOOKUP(A57,PRICELIST!$A$3:$D$138,4,0),"-") -> 576.96 | CY57: =C57+E57+G57+I57+K57+M57+O57+Q57+S57+U57+W57+Y57+AA57+AC57+AE57+AG57+AI57+AK57+AM57+AO57+AQ57+AS57+AU57+AW57+AY57+BA57+BC57+BE57+BG57+BI57+BK57+BM57+BO57+BQ57+BS57+BU57+BW57+BY57+CA57+CC57+CE57+CG57+CI57+CK57+CM57+CO57+CQ57+CS57+CU57+CW57 -> 0 | CZ57: =D57+F57+H57+J57+L57+N57+P57+R57+T57+V57+X57+Z57+AB57+AD57+AF57+AH57+AJ57+AL57+AN57+AP57+AR57+AT57+AV57+AX57+AZ57+BB57+BD57+BF57+BH57+BJ57+BL57+BN57+BP57+BR57+BT57+BV57+BX57+BZ57+CB57+CD57+CF57+CH57+CJ57+CL57+CN57+CP57+CR57+CT57+CV57+CX57 -> 0
A58: PREXARON SYRUP 60 ML | B58: =IFERROR(VLOOKUP(A58,PRICELIST!$A$3:$D$138,4,0),"-") -> 635.31 | CY58: =C58+E58+G58+I58+K58+M58+O58+Q58+S58+U58+W58+Y58+AA58+AC58+AE58+AG58+AI58+AK58+AM58+AO58+AQ58+AS58+AU58+AW58+AY58+BA58+BC58+BE58+BG58+BI58+BK58+BM58+BO58+BQ58+BS58+BU58+BW58+BY58+CA58+CC58+CE58+CG58+CI58+CK58+CM58+CO58+CQ58+CS58+CU58+CW58 -> 0 | CZ58: =D58+F58+H58+J58+L58+N58+P58+R58+T58+V58+X58+Z58+AB58+AD58+AF58+AH58+AJ58+AL58+AN58+AP58+AR58+AT58+AV58+AX58+AZ58+BB58+BD58+BF58+BH58+BJ58+BL58+BN58+BP58+BR58+BT58+BV58+BX58+BZ58+CB58+CD58+CF58+CH58+CJ58+CL58+CN58+CP58+CR58+CT58+CV58+CX58 -> 0
A59: PREXARON GROUP | C59: =SUMPRODUCT($B54:$B58,C54:C58) -> 0 | D59: =SUMPRODUCT($B54:$B58,D54:D58) -> 0 | E59: =SUMPRODUCT($B54:$B58,E54:E58) -> 0 | F59: =SUMPRODUCT($B54:$B58,F54:F58) -> 0 | G59: =SUMPRODUCT($B54:$B58,G54:G58) -> 0 | H59: =SUMPRODUCT($B54:$B58,H54:H58) -> 0 | I59: =SUMPRODUCT($B54:$B58,I54:I58) -> 0 | J59: =SUMPRODUCT($B54:$B58,J54:J58) -> 0 | ... CZ59: =SUMPRODUCT($B54:$B58,CZ54:CZ58) -> 0
A60: PROVANOL-SR 20 (10T) | B60: =IFERROR(VLOOKUP(A60,PRICELIST!$A$3:$D$138,4,0),"-") -> 23.41 | CY60: =C60+E60+G60+I60+K60+M60+O60+Q60+S60+U60+W60+Y60+AA60+AC60+AE60+AG60+AI60+AK60+AM60+AO60+AQ60+AS60+AU60+AW60+AY60+BA60+BC60+BE60+BG60+BI60+BK60+BM60+BO60+BQ60+BS60+BU60+BW60+BY60+CA60+CC60+CE60+CG60+CI60+CK60+CM60+CO60+CQ60+CS60+CU60+CW60 -> 0 | CZ60: =D60+F60+H60+J60+L60+N60+P60+R60+T60+V60+X60+Z60+AB60+AD60+AF60+AH60+AJ60+AL60+AN60+AP60+AR60+AT60+AV60+AX60+AZ60+BB60+BD60+BF60+BH60+BJ60+BL60+BN60+BP60+BR60+BT60+BV60+BX60+BZ60+CB60+CD60+CF60+CH60+CJ60+CL60+CN60+CP60+CR60+CT60+CV60+CX60 -> 0
A61: PROVANOL SR -40 10 TAB | B61: =IFERROR(VLOOKUP(A61,PRICELIST!$A$3:$D$138,4,0),"-") -> 23.57 | CY61: =C61+E61+G61+I61+K61+M61+O61+Q61+S61+U61+W61+Y61+AA61+AC61+AE61+AG61+AI61+AK61+AM61+AO61+AQ61+AS61+AU61+AW61+AY61+BA61+BC61+BE61+BG61+BI61+BK61+BM61+BO61+BQ61+BS61+BU61+BW61+BY61+CA61+CC61+CE61+CG61+CI61+CK61+CM61+CO61+CQ61+CS61+CU61+CW61 -> 0 | CZ61: =D61+F61+H61+J61+L61+N61+P61+R61+T61+V61+X61+Z61+AB61+AD61+AF61+AH61+AJ61+AL61+AN61+AP61+AR61+AT61+AV61+AX61+AZ61+BB61+BD61+BF61+BH61+BJ61+BL61+BN61+BP61+BR61+BT61+BV61+BX61+BZ61+CB61+CD61+CF61+CH61+CJ61+CL61+CN61+CP61+CR61+CT61+CV61+CX61 -> 0
A62: PROVANOL SR -60 10 TAB | B62: =IFERROR(VLOOKUP(A62,PRICELIST!$A$3:$D$138,4,0),"-") -> 66.7 | CY62: =C62+E62+G62+I62+K62+M62+O62+Q62+S62+U62+W62+Y62+AA62+AC62+AE62+AG62+AI62+AK62+AM62+AO62+AQ62+AS62+AU62+AW62+AY62+BA62+BC62+BE62+BG62+BI62+BK62+BM62+BO62+BQ62+BS62+BU62+BW62+BY62+CA62+CC62+CE62+CG62+CI62+CK62+CM62+CO62+CQ62+CS62+CU62+CW62 -> 0 | CZ62: =D62+F62+H62+J62+L62+N62+P62+R62+T62+V62+X62+Z62+AB62+AD62+AF62+AH62+AJ62+AL62+AN62+AP62+AR62+AT62+AV62+AX62+AZ62+BB62+BD62+BF62+BH62+BJ62+BL62+BN62+BP62+BR62+BT62+BV62+BX62+BZ62+CB62+CD62+CF62+CH62+CJ62+CL62+CN62+CP62+CR62+CT62+CV62+CX62 -> 0
A63: PROVANOL SR -80 10 TAB | B63: =IFERROR(VLOOKUP(A63,PRICELIST!$A$3:$D$138,4,0),"-") -> 67.82 | CY63: =C63+E63+G63+I63+K63+M63+O63+Q63+S63+U63+W63+Y63+AA63+AC63+AE63+AG63+AI63+AK63+AM63+AO63+AQ63+AS63+AU63+AW63+AY63+BA63+BC63+BE63+BG63+BI63+BK63+BM63+BO63+BQ63+BS63+BU63+BW63+BY63+CA63+CC63+CE63+CG63+CI63+CK63+CM63+CO63+CQ63+CS63+CU63+CW63 -> 0 | CZ63: =D63+F63+H63+J63+L63+N63+P63+R63+T63+V63+X63+Z63+AB63+AD63+AF63+AH63+AJ63+AL63+AN63+AP63+AR63+AT63+AV63+AX63+AZ63+BB63+BD63+BF63+BH63+BJ63+BL63+BN63+BP63+BR63+BT63+BV63+BX63+BZ63+CB63+CD63+CF63+CH63+CJ63+CL63+CN63+CP63+CR63+CT63+CV63+CX63 -> 0
A64: PROVANOL-10 10 TAB (D) | B64: =IFERROR(VLOOKUP(A64,PRICELIST!$A$3:$D$138,4,0),"-") -> 9.58 | CY64: =C64+E64+G64+I64+K64+M64+O64+Q64+S64+U64+W64+Y64+AA64+AC64+AE64+AG64+AI64+AK64+AM64+AO64+AQ64+AS64+AU64+AW64+AY64+BA64+BC64+BE64+BG64+BI64+BK64+BM64+BO64+BQ64+BS64+BU64+BW64+BY64+CA64+CC64+CE64+CG64+CI64+CK64+CM64+CO64+CQ64+CS64+CU64+CW64 -> 0 | CZ64: =D64+F64+H64+J64+L64+N64+P64+R64+T64+V64+X64+Z64+AB64+AD64+AF64+AH64+AJ64+AL64+AN64+AP64+AR64+AT64+AV64+AX64+AZ64+BB64+BD64+BF64+BH64+BJ64+BL64+BN64+BP64+BR64+BT64+BV64+BX64+BZ64+CB64+CD64+CF64+CH64+CJ64+CL64+CN64+CP64+CR64+CT64+CV64+CX64 -> 0
A65: PROVANOL-20 10 TAB | B65: =IFERROR(VLOOKUP(A65,PRICELIST!$A$3:$D$138,4,0),"-") -> 23.41 | CY65: =C65+E65+G65+I65+K65+M65+O65+Q65+S65+U65+W65+Y65+AA65+AC65+AE65+AG65+AI65+AK65+AM65+AO65+AQ65+AS65+AU65+AW65+AY65+BA65+BC65+BE65+BG65+BI65+BK65+BM65+BO65+BQ65+BS65+BU65+BW65+BY65+CA65+CC65+CE65+CG65+CI65+CK65+CM65+CO65+CQ65+CS65+CU65+CW65 -> 0 | CZ65: =D65+F65+H65+J65+L65+N65+P65+R65+T65+V65+X65+Z65+AB65+AD65+AF65+AH65+AJ65+AL65+AN65+AP65+AR65+AT65+AV65+AX65+AZ65+BB65+BD65+BF65+BH65+BJ65+BL65+BN65+BP65+BR65+BT65+BV65+BX65+BZ65+CB65+CD65+CF65+CH65+CJ65+CL65+CN65+CP65+CR65+CT65+CV65+CX65 -> 0
A66: PROVANOL-40 10 TAB (D) | B66: =IFERROR(VLOOKUP(A66,PRICELIST!$A$3:$D$138,4,0),"-") -> 23.57 | CY66: =C66+E66+G66+I66+K66+M66+O66+Q66+S66+U66+W66+Y66+AA66+AC66+AE66+AG66+AI66+AK66+AM66+AO66+AQ66+AS66+AU66+AW66+AY66+BA66+BC66+BE66+BG66+BI66+BK66+BM66+BO66+BQ66+BS66+BU66+BW66+BY66+CA66+CC66+CE66+CG66+CI66+CK66+CM66+CO66+CQ66+CS66+CU66+CW66 -> 0 | CZ66: =D66+F66+H66+J66+L66+N66+P66+R66+T66+V66+X66+Z66+AB66+AD66+AF66+AH66+AJ66+AL66+AN66+AP66+AR66+AT66+AV66+AX66+AZ66+BB66+BD66+BF66+BH66+BJ66+BL66+BN66+BP66+BR66+BT66+BV66+BX66+BZ66+CB66+CD66+CF66+CH66+CJ66+CL66+CN66+CP66+CR66+CT66+CV66+CX66 -> 0
A67: PROVANOL PLUS 10 10 TAB. | B67: =IFERROR(VLOOKUP(A67,PRICELIST!$A$3:$D$138,4,0),"-") -> 132.43 | CY67: =C67+E67+G67+I67+K67+M67+O67+Q67+S67+U67+W67+Y67+AA67+AC67+AE67+AG67+AI67+AK67+AM67+AO67+AQ67+AS67+AU67+AW67+AY67+BA67+BC67+BE67+BG67+BI67+BK67+BM67+BO67+BQ67+BS67+BU67+BW67+BY67+CA67+CC67+CE67+CG67+CI67+CK67+CM67+CO67+CQ67+CS67+CU67+CW67 -> 0 | CZ67: =D67+F67+H67+J67+L67+N67+P67+R67+T67+V67+X67+Z67+AB67+AD67+AF67+AH67+AJ67+AL67+AN67+AP67+AR67+AT67+AV67+AX67+AZ67+BB67+BD67+BF67+BH67+BJ67+BL67+BN67+BP67+BR67+BT67+BV67+BX67+BZ67+CB67+CD67+CF67+CH67+CJ67+CL67+CN67+CP67+CR67+CT67+CV67+CX67 -> 0
A68: PROVANOL PLUS 5 10 TAB | B68: =IFERROR(VLOOKUP(A68,PRICELIST!$A$3:$D$138,4,0),"-") -> 94.7 | CY68: =C68+E68+G68+I68+K68+M68+O68+Q68+S68+U68+W68+Y68+AA68+AC68+AE68+AG68+AI68+AK68+AM68+AO68+AQ68+AS68+AU68+AW68+AY68+BA68+BC68+BE68+BG68+BI68+BK68+BM68+BO68+BQ68+BS68+BU68+BW68+BY68+CA68+CC68+CE68+CG68+CI68+CK68+CM68+CO68+CQ68+CS68+CU68+CW68 -> 0 | CZ68: =D68+F68+H68+J68+L68+N68+P68+R68+T68+V68+X68+Z68+AB68+AD68+AF68+AH68+AJ68+AL68+AN68+AP68+AR68+AT68+AV68+AX68+AZ68+BB68+BD68+BF68+BH68+BJ68+BL68+BN68+BP68+BR68+BT68+BV68+BX68+BZ68+CB68+CD68+CF68+CH68+CJ68+CL68+CN68+CP68+CR68+CT68+CV68+CX68 -> 0
A69: PROVANOL FORTE 0.25 10 TAB | B69: =IFERROR(VLOOKUP(A69,PRICELIST!$A$3:$D$138,4,0),"-") -> 58.82 | CY69: =C69+E69+G69+I69+K69+M69+O69+Q69+S69+U69+W69+Y69+AA69+AC69+AE69+AG69+AI69+AK69+AM69+AO69+AQ69+AS69+AU69+AW69+AY69+BA69+BC69+BE69+BG69+BI69+BK69+BM69+BO69+BQ69+BS69+BU69+BW69+BY69+CA69+CC69+CE69+CG69+CI69+CK69+CM69+CO69+CQ69+CS69+CU69+CW69 -> 0 | CZ69: =D69+F69+H69+J69+L69+N69+P69+R69+T69+V69+X69+Z69+AB69+AD69+AF69+AH69+AJ69+AL69+AN69+AP69+AR69+AT69+AV69+AX69+AZ69+BB69+BD69+BF69+BH69+BJ69+BL69+BN69+BP69+BR69+BT69+BV69+BX69+BZ69+CB69+CD69+CF69+CH69+CJ69+CL69+CN69+CP69+CR69+CT69+CV69+CX69 -> 0
A70: PROVANOL FORTE 0.5 10 TAB | B70: =IFERROR(VLOOKUP(A70,PRICELIST!$A$3:$D$138,4,0),"-") -> 61.39 | CY70: =C70+E70+G70+I70+K70+M70+O70+Q70+S70+U70+W70+Y70+AA70+AC70+AE70+AG70+AI70+AK70+AM70+AO70+AQ70+AS70+AU70+AW70+AY70+BA70+BC70+BE70+BG70+BI70+BK70+BM70+BO70+BQ70+BS70+BU70+BW70+BY70+CA70+CC70+CE70+CG70+CI70+CK70+CM70+CO70+CQ70+CS70+CU70+CW70 -> 0 | CZ70: =D70+F70+H70+J70+L70+N70+P70+R70+T70+V70+X70+Z70+AB70+AD70+AF70+AH70+AJ70+AL70+AN70+AP70+AR70+AT70+AV70+AX70+AZ70+BB70+BD70+BF70+BH70+BJ70+BL70+BN70+BP70+BR70+BT70+BV70+BX70+BZ70+CB70+CD70+CF70+CH70+CJ70+CL70+CN70+CP70+CR70+CT70+CV70+CX70 -> 0
A71: PROVANOL GROUP | C71: =SUMPRODUCT($B60:$B70,C60:C70) -> 0 | D71: =SUMPRODUCT($B60:$B70,D60:D70) -> 0 | E71: =SUMPRODUCT($B60:$B70,E60:E70) -> 0 | F71: =SUMPRODUCT($B60:$B70,F60:F70) -> 0 | G71: =SUMPRODUCT($B60:$B70,G60:G70) -> 0 | H71: =SUMPRODUCT($B60:$B70,H60:H70) -> 0 | I71: =SUMPRODUCT($B60:$B70,I60:I70) -> 0 | J71: =SUMPRODUCT($B60:$B70,J60:J70) -> 0 | ... CZ71: =SUMPRODUCT($B60:$B70,CZ60:CZ70) -> 0
A72: REJUNEX OD 10 CAPS | B72: =IFERROR(VLOOKUP(A72,PRICELIST!$A$3:$D$138,4,0),"-") -> 165.86 | CY72: =C72+E72+G72+I72+K72+M72+O72+Q72+S72+U72+W72+Y72+AA72+AC72+AE72+AG72+AI72+AK72+AM72+AO72+AQ72+AS72+AU72+AW72+AY72+BA72+BC72+BE72+BG72+BI72+BK72+BM72+BO72+BQ72+BS72+BU72+BW72+BY72+CA72+CC72+CE72+CG72+CI72+CK72+CM72+CO72+CQ72+CS72+CU72+CW72 -> 0 | CZ72: =D72+F72+H72+J72+L72+N72+P72+R72+T72+V72+X72+Z72+AB72+AD72+AF72+AH72+AJ72+AL72+AN72+AP72+AR72+AT72+AV72+AX72+AZ72+BB72+BD72+BF72+BH72+BJ72+BL72+BN72+BP72+BR72+BT72+BV72+BX72+BZ72+CB72+CD72+CF72+CH72+CJ72+CL72+CN72+CP72+CR72+CT72+CV72+CX72 -> 0
A73: REJUNEX 10 CAP (SOFTGEL) | B73: =IFERROR(VLOOKUP(A73,PRICELIST!$A$3:$D$138,4,0),"-") -> 82.93 | CY73: =C73+E73+G73+I73+K73+M73+O73+Q73+S73+U73+W73+Y73+AA73+AC73+AE73+AG73+AI73+AK73+AM73+AO73+AQ73+AS73+AU73+AW73+AY73+BA73+BC73+BE73+BG73+BI73+BK73+BM73+BO73+BQ73+BS73+BU73+BW73+BY73+CA73+CC73+CE73+CG73+CI73+CK73+CM73+CO73+CQ73+CS73+CU73+CW73 -> 0 | CZ73: =D73+F73+H73+J73+L73+N73+P73+R73+T73+V73+X73+Z73+AB73+AD73+AF73+AH73+AJ73+AL73+AN73+AP73+AR73+AT73+AV73+AX73+AZ73+BB73+BD73+BF73+BH73+BJ73+BL73+BN73+BP73+BR73+BT73+BV73+BX73+BZ73+CB73+CD73+CF73+CH73+CJ73+CL73+CN73+CP73+CR73+CT73+CV73+CX73 -> 0
A74: REJUNEX FORTE INJ. 2ML | B74: =IFERROR(VLOOKUP(A74,PRICELIST!$A$3:$D$138,4,0),"-") -> 96.43 | CY74: =C74+E74+G74+I74+K74+M74+O74+Q74+S74+U74+W74+Y74+AA74+AC74+AE74+AG74+AI74+AK74+AM74+AO74+AQ74+AS74+AU74+AW74+AY74+BA74+BC74+BE74+BG74+BI74+BK74+BM74+BO74+BQ74+BS74+BU74+BW74+BY74+CA74+CC74+CE74+CG74+CI74+CK74+CM74+CO74+CQ74+CS74+CU74+CW74 -> 0 | CZ74: =D74+F74+H74+J74+L74+N74+P74+R74+T74+V74+X74+Z74+AB74+AD74+AF74+AH74+AJ74+AL74+AN74+AP74+AR74+AT74+AV74+AX74+AZ74+BB74+BD74+BF74+BH74+BJ74+BL74+BN74+BP74+BR74+BT74+BV74+BX74+BZ74+CB74+CD74+CF74+CH74+CJ74+CL74+CN74+CP74+CR74+CT74+CV74+CX74 -> 0
A75: REJUNEX INJ. 1ML | B75: =IFERROR(VLOOKUP(A75,PRICELIST!$A$3:$D$138,4,0),"-") -> 47.57 | CY75: =C75+E75+G75+I75+K75+M75+O75+Q75+S75+U75+W75+Y75+AA75+AC75+AE75+AG75+AI75+AK75+AM75+AO75+AQ75+AS75+AU75+AW75+AY75+BA75+BC75+BE75+BG75+BI75+BK75+BM75+BO75+BQ75+BS75+BU75+BW75+BY75+CA75+CC75+CE75+CG75+CI75+CK75+CM75+CO75+CQ75+CS75+CU75+CW75 -> 0 | CZ75: =D75+F75+H75+J75+L75+N75+P75+R75+T75+V75+X75+Z75+AB75+AD75+AF75+AH75+AJ75+AL75+AN75+AP75+AR75+AT75+AV75+AX75+AZ75+BB75+BD75+BF75+BH75+BJ75+BL75+BN75+BP75+BR75+BT75+BV75+BX75+BZ75+CB75+CD75+CF75+CH75+CJ75+CL75+CN75+CP75+CR75+CT75+CV75+CX75 -> 0
A76: REJUNEX PFS 1ML(SALE) | B76: =IFERROR(VLOOKUP(A76,PRICELIST!$A$3:$D$138,4,0),"-") -> 128.57 | CY76: =C76+E76+G76+I76+K76+M76+O76+Q76+S76+U76+W76+Y76+AA76+AC76+AE76+AG76+AI76+AK76+AM76+AO76+AQ76+AS76+AU76+AW76+AY76+BA76+BC76+BE76+BG76+BI76+BK76+BM76+BO76+BQ76+BS76+BU76+BW76+BY76+CA76+CC76+CE76+CG76+CI76+CK76+CM76+CO76+CQ76+CS76+CU76+CW76 -> 0 | CZ76: =D76+F76+H76+J76+L76+N76+P76+R76+T76+V76+X76+Z76+AB76+AD76+AF76+AH76+AJ76+AL76+AN76+AP76+AR76+AT76+AV76+AX76+AZ76+BB76+BD76+BF76+BH76+BJ76+BL76+BN76+BP76+BR76+BT76+BV76+BX76+BZ76+CB76+CD76+CF76+CH76+CJ76+CL76+CN76+CP76+CR76+CT76+CV76+CX76 -> 0
A77: REJUNEX PLUS NF (10C) | B77: =IFERROR(VLOOKUP(A77,PRICELIST!$A$3:$D$138,4,0),"-") -> 130.5 | CY77: =C77+E77+G77+I77+K77+M77+O77+Q77+S77+U77+W77+Y77+AA77+AC77+AE77+AG77+AI77+AK77+AM77+AO77+AQ77+AS77+AU77+AW77+AY77+BA77+BC77+BE77+BG77+BI77+BK77+BM77+BO77+BQ77+BS77+BU77+BW77+BY77+CA77+CC77+CE77+CG77+CI77+CK77+CM77+CO77+CQ77+CS77+CU77+CW77 -> 0 | CZ77: =D77+F77+H77+J77+L77+N77+P77+R77+T77+V77+X77+Z77+AB77+AD77+AF77+AH77+AJ77+AL77+AN77+AP77+AR77+AT77+AV77+AX77+AZ77+BB77+BD77+BF77+BH77+BJ77+BL77+BN77+BP77+BR77+BT77+BV77+BX77+BZ77+CB77+CD77+CF77+CH77+CJ77+CL77+CN77+CP77+CR77+CT77+CV77+CX77 -> 0
A78: REJUNEX B (10C) | B78: =IFERROR(VLOOKUP(A78,PRICELIST!$A$3:$D$138,4,0),"-") -> 146.89 | CY78: =C78+E78+G78+I78+K78+M78+O78+Q78+S78+U78+W78+Y78+AA78+AC78+AE78+AG78+AI78+AK78+AM78+AO78+AQ78+AS78+AU78+AW78+AY78+BA78+BC78+BE78+BG78+BI78+BK78+BM78+BO78+BQ78+BS78+BU78+BW78+BY78+CA78+CC78+CE78+CG78+CI78+CK78+CM78+CO78+CQ78+CS78+CU78+CW78 -> 0 | CZ78: =D78+F78+H78+J78+L78+N78+P78+R78+T78+V78+X78+Z78+AB78+AD78+AF78+AH78+AJ78+AL78+AN78+AP78+AR78+AT78+AV78+AX78+AZ78+BB78+BD78+BF78+BH78+BJ78+BL78+BN78+BP78+BR78+BT78+BV78+BX78+BZ78+CB78+CD78+CF78+CH78+CJ78+CL78+CN78+CP78+CR78+CT78+CV78+CX78 -> 0
A79: REJUNEX GROUP | C79: =SUMPRODUCT($B72:$B78,C72:C78) -> 0 | D79: =SUMPRODUCT($B72:$B78,D72:D78) -> 0 | E79: =SUMPRODUCT($B72:$B78,E72:E78) -> 0 | F79: =SUMPRODUCT($B72:$B78,F72:F78) -> 0 | G79: =SUMPRODUCT($B72:$B78,G72:G78) -> 0 | H79: =SUMPRODUCT($B72:$B78,H72:H78) -> 0 | I79: =SUMPRODUCT($B72:$B78,I72:I78) -> 0 | J79: =SUMPRODUCT($B72:$B78,J72:J78) -> 0 | ... CZ79: =SUMPRODUCT($B72:$B78,CZ72:CZ78) -> 0
A80: SUNAPRO (2T) | B80: =IFERROR(VLOOKUP(A80,PRICELIST!$A$3:$D$138,4,0),"-") -> 78.75 | CY80: =C80+E80+G80+I80+K80+M80+O80+Q80+S80+U80+W80+Y80+AA80+AC80+AE80+AG80+AI80+AK80+AM80+AO80+AQ80+AS80+AU80+AW80+AY80+BA80+BC80+BE80+BG80+BI80+BK80+BM80+BO80+BQ80+BS80+BU80+BW80+BY80+CA80+CC80+CE80+CG80+CI80+CK80+CM80+CO80+CQ80+CS80+CU80+CW80 -> 0 | CZ80: =D80+F80+H80+J80+L80+N80+P80+R80+T80+V80+X80+Z80+AB80+AD80+AF80+AH80+AJ80+AL80+AN80+AP80+AR80+AT80+AV80+AX80+AZ80+BB80+BD80+BF80+BH80+BJ80+BL80+BN80+BP80+BR80+BT80+BV80+BX80+BZ80+CB80+CD80+CF80+CH80+CJ80+CL80+CN80+CP80+CR80+CT80+CV80+CX80 -> 0
A81: SUNAPRO | C81: =SUMPRODUCT($B80*C80) -> 0 | D81: =SUMPRODUCT($B80*D80) -> 0 | E81: =SUMPRODUCT($B80*E80) -> 0 | F81: =SUMPRODUCT($B80*F80) -> 0 | G81: =SUMPRODUCT($B80*G80) -> 0 | H81: =SUMPRODUCT($B80*H80) -> 0 | I81: =SUMPRODUCT($B80*I80) -> 0 | J81: =SUMPRODUCT($B80*J80) -> 0 | ... CZ81: =SUMPRODUCT($B80*CZ80) -> 0
A82: VENTAB DXT 100 10 TAB | B82: =IFERROR(VLOOKUP(A82,PRICELIST!$A$3:$D$138,4,0),"-") -> 276.11 | CY82: =C82+E82+G82+I82+K82+M82+O82+Q82+S82+U82+W82+Y82+AA82+AC82+AE82+AG82+AI82+AK82+AM82+AO82+AQ82+AS82+AU82+AW82+AY82+BA82+BC82+BE82+BG82+BI82+BK82+BM82+BO82+BQ82+BS82+BU82+BW82+BY82+CA82+CC82+CE82+CG82+CI82+CK82+CM82+CO82+CQ82+CS82+CU82+CW82 -> 0 | CZ82: =D82+F82+H82+J82+L82+N82+P82+R82+T82+V82+X82+Z82+AB82+AD82+AF82+AH82+AJ82+AL82+AN82+AP82+AR82+AT82+AV82+AX82+AZ82+BB82+BD82+BF82+BH82+BJ82+BL82+BN82+BP82+BR82+BT82+BV82+BX82+BZ82+CB82+CD82+CF82+CH82+CJ82+CL82+CN82+CP82+CR82+CT82+CV82+CX82 -> 0
A83: VENTAB DXT 25 10 TAB | B83: =IFERROR(VLOOKUP(A83,PRICELIST!$A$3:$D$138,4,0),"-") -> 75.54 | CY83: =C83+E83+G83+I83+K83+M83+O83+Q83+S83+U83+W83+Y83+AA83+AC83+AE83+AG83+AI83+AK83+AM83+AO83+AQ83+AS83+AU83+AW83+AY83+BA83+BC83+BE83+BG83+BI83+BK83+BM83+BO83+BQ83+BS83+BU83+BW83+BY83+CA83+CC83+CE83+CG83+CI83+CK83+CM83+CO83+CQ83+CS83+CU83+CW83 -> 0 | CZ83: =D83+F83+H83+J83+L83+N83+P83+R83+T83+V83+X83+Z83+AB83+AD83+AF83+AH83+AJ83+AL83+AN83+AP83+AR83+AT83+AV83+AX83+AZ83+BB83+BD83+BF83+BH83+BJ83+BL83+BN83+BP83+BR83+BT83+BV83+BX83+BZ83+CB83+CD83+CF83+CH83+CJ83+CL83+CN83+CP83+CR83+CT83+CV83+CX83 -> 0
A84: VENTAB DXT 50 10 TAB | B84: =IFERROR(VLOOKUP(A84,PRICELIST!$A$3:$D$138,4,0),"-") -> 145.93 | CY84: =C84+E84+G84+I84+K84+M84+O84+Q84+S84+U84+W84+Y84+AA84+AC84+AE84+AG84+AI84+AK84+AM84+AO84+AQ84+AS84+AU84+AW84+AY84+BA84+BC84+BE84+BG84+BI84+BK84+BM84+BO84+BQ84+BS84+BU84+BW84+BY84+CA84+CC84+CE84+CG84+CI84+CK84+CM84+CO84+CQ84+CS84+CU84+CW84 -> 0 | CZ84: =D84+F84+H84+J84+L84+N84+P84+R84+T84+V84+X84+Z84+AB84+AD84+AF84+AH84+AJ84+AL84+AN84+AP84+AR84+AT84+AV84+AX84+AZ84+BB84+BD84+BF84+BH84+BJ84+BL84+BN84+BP84+BR84+BT84+BV84+BX84+BZ84+CB84+CD84+CF84+CH84+CJ84+CL84+CN84+CP84+CR84+CT84+CV84+CX84 -> 0
A85: VENTAB PLUS (10T) | B85: =IFERROR(VLOOKUP(A85,PRICELIST!$A$3:$D$138,4,0),"-") -> 149.79 | CY85: =C85+E85+G85+I85+K85+M85+O85+Q85+S85+U85+W85+Y85+AA85+AC85+AE85+AG85+AI85+AK85+AM85+AO85+AQ85+AS85+AU85+AW85+AY85+BA85+BC85+BE85+BG85+BI85+BK85+BM85+BO85+BQ85+BS85+BU85+BW85+BY85+CA85+CC85+CE85+CG85+CI85+CK85+CM85+CO85+CQ85+CS85+CU85+CW85 -> 0 | CZ85: =D85+F85+H85+J85+L85+N85+P85+R85+T85+V85+X85+Z85+AB85+AD85+AF85+AH85+AJ85+AL85+AN85+AP85+AR85+AT85+AV85+AX85+AZ85+BB85+BD85+BF85+BH85+BJ85+BL85+BN85+BP85+BR85+BT85+BV85+BX85+BZ85+CB85+CD85+CF85+CH85+CJ85+CL85+CN85+CP85+CR85+CT85+CV85+CX85 -> 0
A86: VENTAB PLUS 100 10T SALE | B86: =IFERROR(VLOOKUP(A86,PRICELIST!$A$3:$D$138,4,0),"-") -> 192.86 | CY86: =C86+E86+G86+I86+K86+M86+O86+Q86+S86+U86+W86+Y86+AA86+AC86+AE86+AG86+AI86+AK86+AM86+AO86+AQ86+AS86+AU86+AW86+AY86+BA86+BC86+BE86+BG86+BI86+BK86+BM86+BO86+BQ86+BS86+BU86+BW86+BY86+CA86+CC86+CE86+CG86+CI86+CK86+CM86+CO86+CQ86+CS86+CU86+CW86 -> 0 | CZ86: =D86+F86+H86+J86+L86+N86+P86+R86+T86+V86+X86+Z86+AB86+AD86+AF86+AH86+AJ86+AL86+AN86+AP86+AR86+AT86+AV86+AX86+AZ86+BB86+BD86+BF86+BH86+BJ86+BL86+BN86+BP86+BR86+BT86+BV86+BX86+BZ86+CB86+CD86+CF86+CH86+CJ86+CL86+CN86+CP86+CR86+CT86+CV86+CX86 -> 0
A87: VENTAB LS (10T) | B87: =IFERROR(VLOOKUP(A87,PRICELIST!$A$3:$D$138,4,0),"-") -> 104.79 | CY87: =C87+E87+G87+I87+K87+M87+O87+Q87+S87+U87+W87+Y87+AA87+AC87+AE87+AG87+AI87+AK87+AM87+AO87+AQ87+AS87+AU87+AW87+AY87+BA87+BC87+BE87+BG87+BI87+BK87+BM87+BO87+BQ87+BS87+BU87+BW87+BY87+CA87+CC87+CE87+CG87+CI87+CK87+CM87+CO87+CQ87+CS87+CU87+CW87 -> 0 | CZ87: =D87+F87+H87+J87+L87+N87+P87+R87+T87+V87+X87+Z87+AB87+AD87+AF87+AH87+AJ87+AL87+AN87+AP87+AR87+AT87+AV87+AX87+AZ87+BB87+BD87+BF87+BH87+BJ87+BL87+BN87+BP87+BR87+BT87+BV87+BX87+BZ87+CB87+CD87+CF87+CH87+CJ87+CL87+CN87+CP87+CR87+CT87+CV87+CX87 -> 0
A88: VENTAB DXT GROUP | C88: =SUMPRODUCT($B82:$B87,C82:C87) -> 0 | D88: =SUMPRODUCT($B82:$B87,D82:D87) -> 0 | E88: =SUMPRODUCT($B82:$B87,E82:E87) -> 0 | F88: =SUMPRODUCT($B82:$B87,F82:F87) -> 0 | G88: =SUMPRODUCT($B82:$B87,G82:G87) -> 0 | H88: =SUMPRODUCT($B82:$B87,H82:H87) -> 0 | I88: =SUMPRODUCT($B82:$B87,I82:I87) -> 0 | J88: =SUMPRODUCT($B82:$B87,J82:J87) -> 0 | ... CZ88: =SUMPRODUCT($B82:$B87,CZ82:CZ87) -> 0
A89: VENTAB XL 150 10 TAB | B89: =IFERROR(VLOOKUP(A89,PRICELIST!$A$3:$D$138,4,0),"-") -> 172.53 | CY89: =C89+E89+G89+I89+K89+M89+O89+Q89+S89+U89+W89+Y89+AA89+AC89+AE89+AG89+AI89+AK89+AM89+AO89+AQ89+AS89+AU89+AW89+AY89+BA89+BC89+BE89+BG89+BI89+BK89+BM89+BO89+BQ89+BS89+BU89+BW89+BY89+CA89+CC89+CE89+CG89+CI89+CK89+CM89+CO89+CQ89+CS89+CU89+CW89 -> 0 | CZ89: =D89+F89+H89+J89+L89+N89+P89+R89+T89+V89+X89+Z89+AB89+AD89+AF89+AH89+AJ89+AL89+AN89+AP89+AR89+AT89+AV89+AX89+AZ89+BB89+BD89+BF89+BH89+BJ89+BL89+BN89+BP89+BR89+BT89+BV89+BX89+BZ89+CB89+CD89+CF89+CH89+CJ89+CL89+CN89+CP89+CR89+CT89+CV89+CX89 -> 0
A90: VENTAB XL 37.5 10 TAB | B90: =IFERROR(VLOOKUP(A90,PRICELIST!$A$3:$D$138,4,0),"-") -> 50.46 | CY90: =C90+E90+G90+I90+K90+M90+O90+Q90+S90+U90+W90+Y90+AA90+AC90+AE90+AG90+AI90+AK90+AM90+AO90+AQ90+AS90+AU90+AW90+AY90+BA90+BC90+BE90+BG90+BI90+BK90+BM90+BO90+BQ90+BS90+BU90+BW90+BY90+CA90+CC90+CE90+CG90+CI90+CK90+CM90+CO90+CQ90+CS90+CU90+CW90 -> 0 | CZ90: =D90+F90+H90+J90+L90+N90+P90+R90+T90+V90+X90+Z90+AB90+AD90+AF90+AH90+AJ90+AL90+AN90+AP90+AR90+AT90+AV90+AX90+AZ90+BB90+BD90+BF90+BH90+BJ90+BL90+BN90+BP90+BR90+BT90+BV90+BX90+BZ90+CB90+CD90+CF90+CH90+CJ90+CL90+CN90+CP90+CR90+CT90+CV90+CX90 -> 0
A91: VENTAB XL 75 10 TAB | B91: =IFERROR(VLOOKUP(A91,PRICELIST!$A$3:$D$138,4,0),"-") -> 99.64 | CY91: =C91+E91+G91+I91+K91+M91+O91+Q91+S91+U91+W91+Y91+AA91+AC91+AE91+AG91+AI91+AK91+AM91+AO91+AQ91+AS91+AU91+AW91+AY91+BA91+BC91+BE91+BG91+BI91+BK91+BM91+BO91+BQ91+BS91+BU91+BW91+BY91+CA91+CC91+CE91+CG91+CI91+CK91+CM91+CO91+CQ91+CS91+CU91+CW91 -> 0 | CZ91: =D91+F91+H91+J91+L91+N91+P91+R91+T91+V91+X91+Z91+AB91+AD91+AF91+AH91+AJ91+AL91+AN91+AP91+AR91+AT91+AV91+AX91+AZ91+BB91+BD91+BF91+BH91+BJ91+BL91+BN91+BP91+BR91+BT91+BV91+BX91+BZ91+CB91+CD91+CF91+CH91+CJ91+CL91+CN91+CP91+CR91+CT91+CV91+CX91 -> 0
A92: VENTAB XL | C92: =SUMPRODUCT($B89:$B91,C89:C91) -> 0 | D92: =SUMPRODUCT($B89:$B91,D89:D91) -> 0 | E92: =SUMPRODUCT($B89:$B91,E89:E91) -> 0 | F92: =SUMPRODUCT($B89:$B91,F89:F91) -> 0 | G92: =SUMPRODUCT($B89:$B91,G89:G91) -> 0 | H92: =SUMPRODUCT($B89:$B91,H89:H91) -> 0 | I92: =SUMPRODUCT($B89:$B91,I89:I91) -> 0 | J92: =SUMPRODUCT($B89:$B91,J89:J91) -> 0 | ... CZ92: =SUMPRODUCT($B89:$B91,CZ89:CZ91) -> 0
A93: VILAZINE 20 10 TABLETS | B93: =IFERROR(VLOOKUP(A93,PRICELIST!$A$3:$D$138,4,0),"-") -> 140.14 | CY93: =C93+E93+G93+I93+K93+M93+O93+Q93+S93+U93+W93+Y93+AA93+AC93+AE93+AG93+AI93+AK93+AM93+AO93+AQ93+AS93+AU93+AW93+AY93+BA93+BC93+BE93+BG93+BI93+BK93+BM93+BO93+BQ93+BS93+BU93+BW93+BY93+CA93+CC93+CE93+CG93+CI93+CK93+CM93+CO93+CQ93+CS93+CU93+CW93 -> 0 | CZ93: =D93+F93+H93+J93+L93+N93+P93+R93+T93+V93+X93+Z93+AB93+AD93+AF93+AH93+AJ93+AL93+AN93+AP93+AR93+AT93+AV93+AX93+AZ93+BB93+BD93+BF93+BH93+BJ93+BL93+BN93+BP93+BR93+BT93+BV93+BX93+BZ93+CB93+CD93+CF93+CH93+CJ93+CL93+CN93+CP93+CR93+CT93+CV93+CX93 -> 0
A94: VILAZINE 40 10 TABLETS | B94: =IFERROR(VLOOKUP(A94,PRICELIST!$A$3:$D$138,4,0),"-") -> 203.14 | CY94: =C94+E94+G94+I94+K94+M94+O94+Q94+S94+U94+W94+Y94+AA94+AC94+AE94+AG94+AI94+AK94+AM94+AO94+AQ94+AS94+AU94+AW94+AY94+BA94+BC94+BE94+BG94+BI94+BK94+BM94+BO94+BQ94+BS94+BU94+BW94+BY94+CA94+CC94+CE94+CG94+CI94+CK94+CM94+CO94+CQ94+CS94+CU94+CW94 -> 0 | CZ94: =D94+F94+H94+J94+L94+N94+P94+R94+T94+V94+X94+Z94+AB94+AD94+AF94+AH94+AJ94+AL94+AN94+AP94+AR94+AT94+AV94+AX94+AZ94+BB94+BD94+BF94+BH94+BJ94+BL94+BN94+BP94+BR94+BT94+BV94+BX94+BZ94+CB94+CD94+CF94+CH94+CJ94+CL94+CN94+CP94+CR94+CT94+CV94+CX94 -> 0
A95: VILAZINE | C95: =SUMPRODUCT($B93:$B94,C93:C94) -> 0 | D95: =SUMPRODUCT($B93:$B94,D93:D94) -> 0 | E95: =SUMPRODUCT($B93:$B94,E93:E94) -> 0 | F95: =SUMPRODUCT($B93:$B94,F93:F94) -> 0 | G95: =SUMPRODUCT($B93:$B94,G93:G94) -> 0 | H95: =SUMPRODUCT($B93:$B94,H93:H94) -> 0 | I95: =SUMPRODUCT($B93:$B94,I93:I94) -> 0 | J95: =SUMPRODUCT($B93:$B94,J93:J94) -> 0 | ... CZ95: =SUMPRODUCT($B93:$B94,CZ93:CZ94) -> 0
A96: ZAPTRA 12.5 15 TAB | B96: =IFERROR(VLOOKUP(A96,PRICELIST!$A$3:$D$138,4,0),"-") -> 201.54 | CY96: =C96+E96+G96+I96+K96+M96+O96+Q96+S96+U96+W96+Y96+AA96+AC96+AE96+AG96+AI96+AK96+AM96+AO96+AQ96+AS96+AU96+AW96+AY96+BA96+BC96+BE96+BG96+BI96+BK96+BM96+BO96+BQ96+BS96+BU96+BW96+BY96+CA96+CC96+CE96+CG96+CI96+CK96+CM96+CO96+CQ96+CS96+CU96+CW96 -> 0 | CZ96: =D96+F96+H96+J96+L96+N96+P96+R96+T96+V96+X96+Z96+AB96+AD96+AF96+AH96+AJ96+AL96+AN96+AP96+AR96+AT96+AV96+AX96+AZ96+BB96+BD96+BF96+BH96+BJ96+BL96+BN96+BP96+BR96+BT96+BV96+BX96+BZ96+CB96+CD96+CF96+CH96+CJ96+CL96+CN96+CP96+CR96+CT96+CV96+CX96 -> 0
A97: ZAPTRA 25 15 TAB | B97: =IFERROR(VLOOKUP(A97,PRICELIST!$A$3:$D$138,4,0),"-") -> 225.64 | CY97: =C97+E97+G97+I97+K97+M97+O97+Q97+S97+U97+W97+Y97+AA97+AC97+AE97+AG97+AI97+AK97+AM97+AO97+AQ97+AS97+AU97+AW97+AY97+BA97+BC97+BE97+BG97+BI97+BK97+BM97+BO97+BQ97+BS97+BU97+BW97+BY97+CA97+CC97+CE97+CG97+CI97+CK97+CM97+CO97+CQ97+CS97+CU97+CW97 -> 0 | CZ97: =D97+F97+H97+J97+L97+N97+P97+R97+T97+V97+X97+Z97+AB97+AD97+AF97+AH97+AJ97+AL97+AN97+AP97+AR97+AT97+AV97+AX97+AZ97+BB97+BD97+BF97+BH97+BJ97+BL97+BN97+BP97+BR97+BT97+BV97+BX97+BZ97+CB97+CD97+CF97+CH97+CJ97+CL97+CN97+CP97+CR97+CT97+CV97+CX97 -> 0
A98: ZAPTRA LS 12.5 15 CAP | B98: =IFERROR(VLOOKUP(A98,PRICELIST!$A$3:$D$138,4,0),"-") -> 198.64 | CY98: =C98+E98+G98+I98+K98+M98+O98+Q98+S98+U98+W98+Y98+AA98+AC98+AE98+AG98+AI98+AK98+AM98+AO98+AQ98+AS98+AU98+AW98+AY98+BA98+BC98+BE98+BG98+BI98+BK98+BM98+BO98+BQ98+BS98+BU98+BW98+BY98+CA98+CC98+CE98+CG98+CI98+CK98+CM98+CO98+CQ98+CS98+CU98+CW98 -> 0 | CZ98: =D98+F98+H98+J98+L98+N98+P98+R98+T98+V98+X98+Z98+AB98+AD98+AF98+AH98+AJ98+AL98+AN98+AP98+AR98+AT98+AV98+AX98+AZ98+BB98+BD98+BF98+BH98+BJ98+BL98+BN98+BP98+BR98+BT98+BV98+BX98+BZ98+CB98+CD98+CF98+CH98+CJ98+CL98+CN98+CP98+CR98+CT98+CV98+CX98 -> 0
A99: ZAPTRA | C99: =SUMPRODUCT($B96:$B98,C96:C98) -> 0 | D99: =SUMPRODUCT($B96:$B98,D96:D98) -> 0 | E99: =SUMPRODUCT($B96:$B98,E96:E98) -> 0 | F99: =SUMPRODUCT($B96:$B98,F96:F98) -> 0 | G99: =SUMPRODUCT($B96:$B98,G96:G98) -> 0 | H99: =SUMPRODUCT($B96:$B98,H96:H98) -> 0 | I99: =SUMPRODUCT($B96:$B98,I96:I98) -> 0 | J99: =SUMPRODUCT($B96:$B98,J96:J98) -> 0 | ... CZ99: =SUMPRODUCT($B96:$B98,CZ96:CZ98) -> 0
A100: ETILAAM 0.25 15TAB | B100: =IFERROR(VLOOKUP(A100,PRICELIST!$A$3:$D$138,4,0),"-") -> 52.46 | CY100: =C100+E100+G100+I100+K100+M100+O100+Q100+S100+U100+W100+Y100+AA100+AC100+AE100+AG100+AI100+AK100+AM100+AO100+AQ100+AS100+AU100+AW100+AY100+BA100+BC100+BE100+BG100+BI100+BK100+BM100+BO100+BQ100+BS100+BU100+BW100+BY100+CA100+CC100+CE100+CG100+CI100+CK100+CM100+CO100+CQ100+CS100+CU100+CW100 -> 0 | CZ100: =D100+F100+H100+J100+L100+N100+P100+R100+T100+V100+X100+Z100+AB100+AD100+AF100+AH100+AJ100+AL100+AN100+AP100+AR100+AT100+AV100+AX100+AZ100+BB100+BD100+BF100+BH100+BJ100+BL100+BN100+BP100+BR100+BT100+BV100+BX100+BZ100+CB100+CD100+CF100+CH100+CJ100+CL100+CN100+CP100+CR100+CT100+CV100+CX100 -> 0
...

Sheet JULY
